"feedback_text","sentiment_label"
"Mỗi lần đụng tới cách chấm điểm là em lại rất áp lực.","NEGATIVE"
"em đang thiếu ngủ ghê nên khối lượng kiến thức làm em mệt mỏi ghê liên tục.","NEGATIVE"
"Kỳ này yêu cầu môn học làm em thấy tiến bộ rõ, em học vào hơn nhiều.","POSITIVE"
"Dạo này bài tập nhóm khiến em đầu óc quay tít, không có tài liệu rõ ràng.","NEGATIVE"
"thầy cô hỗ trợ nhiệt tình nên em thấy dễ tiếp thu hơn khi học bài thực hành.","POSITIVE"
"Em ổn áp lắm – môi trường lớp tích cực giúp em nhiều.","POSITIVE"
"việc học nhóm theo kịp được, không phải vấn đề lớn.","NEUTRAL"
"bài tập quá nhiều so với thời gian nên kỳ thi cuối kỳ làm em mệt mỏi ghê liên tục.","NEGATIVE"
"Bình thường, em không thấy khó hơn các kỳ trước.","NEUTRAL"
"deadline nhiều nhưng em vẫn theo kịp bài tốt.","POSITIVE"
"Em tạm chấp nhận được với tài liệu, vẫn đang cố làm quen.","NEUTRAL"
"Em tự tin hơn trước nhiều khi tiếp cận cách chấm điểm, cảm giác rất khác so với trước.","POSITIVE"
"Em thấy ổn áp khi học lịch học, thầy/cô giải thích dễ hiểu lắm.","POSITIVE"
"bạn nhóm hợp tác tốt nên em thấy thấy tiến bộ rõ khi học cách giải thích của thầy cô.","POSITIVE"
"Em thấy đầu óc quay tít vì bài kiểm tra giữa kỳ tiến độ quá nhanh.","NEGATIVE"
"Nhờ bạn nhóm hợp tác tốt, em thấy chill hơn hẳn với bài thực hành hơn rồi.","POSITIVE"
"Em thấy tiến bộ rõ lắm – môi trường lớp tích cực giúp em nhiều.","POSITIVE"
"Cũng ổn thôi, bài giảng vừa sức với em.","NEUTRAL"
"Dù lịch học dày nhưng em vẫn làm được bài tập được.","POSITIVE"
"Mặc dù mất động lực nhưng em vẫn theo kịp bài.","NEUTRAL"
"Em đang ở mức trung bình với nội dung tuần này, không có gì nổi bật.","NEUTRAL"
"Tình trạng hiện tại của em là không thoải mái lắm thôi, chưa có chuyện gì.","NEUTRAL"
"Em đang muốn bỏ cuộc vì kỳ thi cuối kỳ, stress lắm rồi.","NEGATIVE"
"không có tài liệu rõ ràng khiến em không thở được với tiến độ học kỳ.","NEGATIVE"
"Hơi không theo kịp nhưng em vẫn vẫn học ổn.","NEUTRAL"
"Em cảm thấy được hỗ trợ nhiều, không bị bơ như các môn khác.","POSITIVE"
"Học nhóm hiệu quả ghê, em thích kiểu học này.","POSITIVE"
"bài giảng được cải thiện nhiều nên em thấy tự tin hơn trước nhiều khi học yêu cầu môn học.","POSITIVE"
"Em thấy nản vì cố mãi mà điểm vẫn không cải thiện.","NEGATIVE"
"Nhờ tài liệu rõ ràng hơn, em thấy khá tự tin với deadline bài tập hơn rồi.","POSITIVE"
"Tình trạng hiện tại của em là chưa có cảm xúc gì mạnh thôi, chưa có chuyện gì.","NEUTRAL"
"Em đang ở mức trung bình với lịch học, hơi mệt.","NEUTRAL"
"Cứ nghĩ deadline bài tập sẽ khó, nhưng em lại thấy hiểu bài nhanh hơn.","POSITIVE"
"Em đang ở mức trung bình với tài liệu, không quá dễ.","NEUTRAL"
"Em không có gì nổi bật với cách dạy, vẫn đang cố làm quen.","NEUTRAL"
"Tình trạng hiện tại của em là ổn định thôi, chưa có chuyện gì.","NEUTRAL"
"Tuy quá tải thật sự nhưng em vẫn theo kịp bài.","NEUTRAL"
"Tưởng sẽ theo kịp nhưng cuối cùng lại đuối sức.","NEGATIVE"
"Mặc dù kiệt sức nhưng em vẫn hiểu được nội dung.","NEUTRAL"
"Dạo này yêu cầu môn học khiến em nhẹ đầu hơn nhiều, có lẽ nhờ bạn nhóm hợp tác tốt.","POSITIVE"
"Cũng ổn thôi, lịch học vừa sức với em.","NEUTRAL"
"Hơi kiệt sức nhưng em vẫn làm được bài tập.","NEUTRAL"
"bài tập không quá khó nhưng cũng chưa gây hứng thú cho em.","NEUTRAL"
"Em thấy hơi rối với nội dung tuần này, không hơn không kém.","NEUTRAL"
"Nhìn chung việc học nhóm ổn, chưa cần can thiệp gì.","NEUTRAL"
"thầy cô hỗ trợ nhiệt tình nên em thấy thấy tiến bộ rõ khi học tốc độ giảng bài.","POSITIVE"
"Em khá áp lực với các yêu cầu môn học, vẫn đang cố làm quen.","NEUTRAL"
"cách tổ chức môn hợp lý nên em thấy có động lực hơn hẳn khi học sự tương tác trong lớp.","POSITIVE"
"bài tập quá nhiều so với thời gian khiến em mệt mỏi ghê với tốc độ giảng bài.","NEGATIVE"
"Học cách dạy ổn, nhưng em chưa có cảm hứng gì đặc biệt.","NEUTRAL"
"Học tài liệu học tập xong em thấy thấy tiến bộ rõ, hiểu ra nhiều thứ hơn.","POSITIVE"
"Em tự tin hơn trước nhiều lắm – thầy cô hỗ trợ nhiệt tình giúp em nhiều.","POSITIVE"
"Dạo này tốc độ giảng bài khiến em khó theo kịp, nhóm không làm việc được với nhau.","NEGATIVE"
"Thật ra deadline bài tập cũng thú vị, em thấy hài lòng ghê khi làm quen rồi.","POSITIVE"
"Dạo này deadline bài tập khiến em đuối sức, bài tập quá nhiều so với thời gian.","NEGATIVE"
"Nhờ em chủ động hỏi thêm, em thấy yên tâm hơn nhiều với bài thực hành hơn rồi.","POSITIVE"
"Em cần thêm thời gian để quen với cách dạy.","NEUTRAL"
"Em chưa có cảm xúc gì mạnh với tốc độ giảng bài, vẫn đang cố làm quen.","NEUTRAL"
"Thật ra feedback từ giảng viên cũng thú vị, em thấy ổn áp khi làm quen rồi.","POSITIVE"
"Tuy không theo kịp nhưng em vẫn hiểu được nội dung.","NEUTRAL"
"Thật ra cách giải thích của thầy cô cũng thú vị, em thấy có động lực hơn hẳn khi làm quen rồi.","POSITIVE"
"Tình trạng hiện tại của em là khá áp lực thôi, chưa có chuyện gì.","NEUTRAL"
"Nhờ môi trường lớp tích cực, em thấy hiểu bài nhanh hơn với cách chấm điểm hơn rồi.","POSITIVE"
"bài hơi khó nhưng em vẫn làm được bài tập tốt.","POSITIVE"
"Dạo này lịch học khiến em dễ tiếp thu hơn, có lẽ nhờ bạn nhóm hợp tác tốt.","POSITIVE"
"Tình trạng hiện tại của em là không quá dễ thôi, chưa có chuyện gì.","NEUTRAL"
"Tưởng sẽ học tốt nhưng cuối cùng lại quá tải thật sự.","NEGATIVE"
"Em thấy ổn định – không có gì đáng lo nhưng cũng chưa thích lắm.","NEUTRAL"
"Em không quá khó với bài kiểm tra giữa kỳ, vẫn đang cố làm quen.","NEUTRAL"
"được hướng dẫn chi tiết hơn nên em thấy rất thoải mái khi học việc học nhóm.","POSITIVE"
"không có tài liệu rõ ràng nên nội dung khó làm em khó theo kịp liên tục.","NEGATIVE"
"Em đang ở mức trung bình với cách dạy, không quá dễ.","NEUTRAL"
"không hiểu bài mà ngại hỏi khiến em không tập trung được với tài liệu thiếu.","NEGATIVE"
"Mặc dù stress nặng nhưng em vẫn vẫn học ổn.","NEUTRAL"
"Em dễ tiếp thu hơn khi tiếp cận hoạt động nhóm, cảm giác rất khác so với trước.","POSITIVE"
"Thật ra bài thực hành cũng thú vị, em thấy dễ tiếp thu hơn khi làm quen rồi.","POSITIVE"
"Em học được với nội dung tuần này, vẫn đang cố làm quen.","NEUTRAL"
"Dạo này cách chấm điểm khiến em hiểu bài nhanh hơn, có lẽ nhờ bài giảng được cải thiện nhiều.","POSITIVE"
"Nhờ bài giảng được cải thiện nhiều, em thấy khá tự tin với sự tương tác trong lớp hơn rồi.","POSITIVE"
"Em tạm chấp nhận được với các yêu cầu môn học, vẫn đang cố làm quen.","NEUTRAL"
"Em đang rất áp lực vì yêu cầu môn học, stress lắm rồi.","NEGATIVE"
"Em hoang mang thật sự khi học tài liệu thiếu – áp lực từ nhiều môn cùng lúc.","NEGATIVE"
"Em thấy vừa phải với lịch học, không hơn không kém.","NEUTRAL"
"Cứ nghĩ bài thực hành sẽ khó, nhưng em lại thấy hứng thú hẳn lên.","POSITIVE"
"bài giảng được cải thiện nhiều nên em thấy khá tự tin khi học bài kiểm tra giữa kỳ.","POSITIVE"
"tiến độ học quá nhanh nên bài tập nhóm làm em đuối sức liên tục.","NEGATIVE"
"bài tập quá nhiều so với thời gian nên tốc độ giảng bài làm em dễ nản liên tục.","NEGATIVE"
"Em vừa phải với bài giảng, vẫn đang cố làm quen.","NEUTRAL"
"Dạo này em học vào hơn, có lẽ do bài hay hơn.","POSITIVE"
"bài tập quá nhiều so với thời gian nên lịch học dày làm em không tập trung được liên tục.","NEGATIVE"
"bài tập quá nhiều so với thời gian nên deadline bài tập làm em nản lắm rồi liên tục.","NEGATIVE"
"cách tổ chức môn hợp lý nên em thấy tự tin hơn trước nhiều khi học lịch học.","POSITIVE"
"Tưởng sẽ hiểu bài nhưng cuối cùng lại không theo kịp.","NEGATIVE"
"Gần đây cách chấm điểm không còn là nỗi lo nữa, em thấy chill hơn hẳn.","POSITIVE"
"Em học bài giảng được nhưng chưa thấy gì đặc biệt.","NEUTRAL"
"Em hài lòng ghê lắm – bài giảng được cải thiện nhiều giúp em nhiều.","POSITIVE"
"học tốt nhưng thực tế em lại đuối sức.","NEGATIVE"
"Em hơi rối với bài tập, vẫn đang cố làm quen.","NEUTRAL"
"được hướng dẫn chi tiết hơn nên em thấy yên tâm hơn nhiều khi học cách chấm điểm.","POSITIVE"
"Dạo này việc học nhóm khiến em vui vì hiểu ra rồi, có lẽ nhờ cách tổ chức môn hợp lý.","POSITIVE"
"Cứ tới lịch học dày là em lại thấy stress liên tục, nản lắm.","NEGATIVE"
"cách dạy hơi khó theo khiến em nản lắm rồi với kỳ thi cuối kỳ.","NEGATIVE"
"bài thực hành đang làm em bị quá tải, không biết hỏi ai.","NEGATIVE"
"Nhờ bạn nhóm hợp tác tốt, em thấy nhẹ đầu hơn nhiều với sự tương tác trong lớp hơn rồi.","POSITIVE"
"không có tài liệu rõ ràng khiến em hoang mang thật sự với bài kiểm tra giữa kỳ.","NEGATIVE"
"Em mệt mỏi ghê khi học tài liệu thiếu – bài nhiều mà thời gian không đủ.","NEGATIVE"
"Em dễ tiếp thu hơn lắm – thầy cô hỗ trợ nhiệt tình giúp em nhiều.","POSITIVE"
"Em thấy mất động lực – bài thực hành và không hiểu bài mà ngại hỏi cộng lại quá sức.","NEGATIVE"
"Thật ra bài kiểm tra giữa kỳ cũng thú vị, em thấy thấy tiến bộ rõ khi làm quen rồi.","POSITIVE"
"không hiểu bài mà ngại hỏi khiến em bị quá tải với kỳ thi cuối kỳ.","NEGATIVE"
"bài tập quá nhiều so với thời gian nên bài thực hành làm em đầu óc quay tít liên tục.","NEGATIVE"
"Em đang ở mức trung bình với lịch học, học được.","NEUTRAL"
"Em đang ở mức trung bình với deadline bài tập, khá ổn.","NEUTRAL"
"Em thấy kiệt sức – bài thực hành và bài nhiều mà thời gian không đủ cộng lại quá sức.","NEGATIVE"
"Gần đây sự tương tác trong lớp không còn là nỗi lo nữa, em thấy ổn áp.","POSITIVE"
"Chưa có gì nổi bật, mọi thứ đang ở mức trung bình.","NEUTRAL"
"bài tập quá nhiều so với thời gian khiến em dễ nản với yêu cầu môn học.","NEGATIVE"
"Em ổn định với khối lượng kiến thức, vẫn đang cố làm quen.","NEUTRAL"
"Em vẫn theo kịp cách dạy, nhưng cần đọc thêm ngoài giờ.","NEUTRAL"
"Tạm chấp nhận được, deadline bài tập không phải điểm em lo nhất.","NEUTRAL"
"Em thấy đuối sức – yêu cầu môn học và không có tài liệu rõ ràng cộng lại quá sức.","NEGATIVE"
"Áp lực quá, em không ngủ được mấy ngày nay.","NEGATIVE"
"Cứ nghĩ lịch học sẽ khó, nhưng em lại thấy hứng thú hẳn lên.","POSITIVE"
"Em thấy đuối sức – yêu cầu môn học và bài nhiều mà thời gian không đủ cộng lại quá sức.","NEGATIVE"
"Em ổn áp lắm – tài liệu rõ ràng hơn giúp em nhiều.","POSITIVE"
"Thật ra lịch học cũng thú vị, em thấy vui vì hiểu ra rồi khi làm quen rồi.","POSITIVE"
"Nhờ bài giảng được cải thiện nhiều, em thấy ổn áp với lịch học hơn rồi.","POSITIVE"
"Học bài tập ổn, nhưng em chưa có cảm hứng gì đặc biệt.","NEUTRAL"
"Em đang ở mức trung bình với deadline bài tập, không quá dễ.","NEUTRAL"
"Nhờ môi trường lớp tích cực, em thấy vui vì hiểu ra rồi với yêu cầu môn học hơn rồi.","POSITIVE"
"Thật ra hoạt động nhóm cũng thú vị, em thấy có động lực hơn hẳn khi làm quen rồi.","POSITIVE"
"Nhìn lại thì cách giải thích của thầy cô không tệ chút nào, em cảm thấy chill hơn hẳn.","POSITIVE"
"không hiểu bài mà ngại hỏi khiến em muốn bỏ cuộc với lịch học dày.","NEGATIVE"
"Em đang ở mức trung bình với lịch học, chưa có cảm xúc gì mạnh.","NEUTRAL"
"ổn định nhưng thực tế em lại kiệt sức.","NEGATIVE"
"Nhờ môi trường lớp tích cực, em thấy có động lực hơn hẳn với sự tương tác trong lớp hơn rồi.","POSITIVE"
"Mặc dù không theo kịp nhưng em vẫn nắm được ý chính.","NEUTRAL"
"Em đầu óc quay tít khi học bài kiểm tra giữa kỳ – nhóm không làm việc được với nhau.","NEGATIVE"
"Em hứng thú hẳn lên lắm – cách tổ chức môn hợp lý giúp em nhiều.","POSITIVE"
"khối lượng kiến thức không quá khó nhưng cũng chưa gây hứng thú cho em.","NEUTRAL"
"Hơi không theo kịp nhưng em vẫn theo kịp bài.","NEUTRAL"
"Dạo này bài thực hành khiến em dễ tiếp thu hơn, có lẽ nhờ tài liệu rõ ràng hơn.","POSITIVE"
"Em thấy căng thẳng nhẹ với deadline bài tập, không hơn không kém.","NEUTRAL"
"tiến độ học quá nhanh khiến em muốn bỏ cuộc với tài liệu thiếu.","NEGATIVE"
"áp lực từ nhiều môn cùng lúc nên deadline bài tập làm em dễ nản liên tục.","NEGATIVE"
"Dạo này cách chấm điểm khiến em bị quá tải, bài tập quá nhiều so với thời gian.","NEGATIVE"
"Tưởng sẽ theo kịp nhưng cuối cùng lại stress nặng.","NEGATIVE"
"Gần đây lịch học không còn là nỗi lo nữa, em thấy hứng thú hẳn lên.","POSITIVE"
"Nhờ môi trường lớp tích cực, em thấy khá tự tin với sự tương tác trong lớp hơn rồi.","POSITIVE"
"Dạo này lịch học dày khiến em không thở được, deadline dồn vào một tuần.","NEGATIVE"
"Em học được với tài liệu, vẫn đang cố làm quen.","NEUTRAL"
"deadline nhiều nhưng em vẫn vẫn học ổn tốt.","POSITIVE"
"Em bị quá tải khi học khối lượng kiến thức – bài tập quá nhiều so với thời gian.","NEGATIVE"
"Dạo này bài thực hành khiến em đuối sức, em đang thiếu ngủ ghê.","NEGATIVE"
"Em muốn bỏ cuộc khi học khối lượng kiến thức – em đang thiếu ngủ ghê.","NEGATIVE"
"cách dạy hơi khó theo khiến em khó theo kịp với nội dung khó.","NEGATIVE"
"Em dễ nản khi học bài thực hành – không hiểu bài mà ngại hỏi.","NEGATIVE"
"Hơi không theo kịp nhưng em vẫn hiểu được nội dung.","NEUTRAL"
"Tình trạng hiện tại của em là không có gì nổi bật thôi, chưa có chuyện gì.","NEUTRAL"
"Em thấy khá áp lực với tài liệu, không hơn không kém.","NEUTRAL"
"Mặc dù mất động lực nhưng em vẫn làm được bài tập.","NEUTRAL"
"Mặc dù đuối sức nhưng em vẫn vẫn học ổn.","NEUTRAL"
"cách dạy theo kịp được, không phải vấn đề lớn.","NEUTRAL"
"tài liệu rõ ràng hơn nên em thấy dễ tiếp thu hơn khi học tốc độ giảng bài.","POSITIVE"
"Dạo này tốc độ giảng bài khiến em khá tự tin, có lẽ nhờ được hướng dẫn chi tiết hơn.","POSITIVE"
"bài nhiều mà thời gian không đủ khiến em đầu óc quay tít với cách dạy.","NEGATIVE"
"Nhóm em làm việc không hiệu quả, ai cũng mệt hết.","NEGATIVE"
"Em thấy ổn định với khối lượng kiến thức, không hơn không kém.","NEUTRAL"
"Em cảm thấy bị bỏ lại, cô dạy nhanh mà em chưa kịp tiêu hoá.","NEGATIVE"
"Nhờ tài liệu rõ ràng hơn, em thấy hiểu bài nhanh hơn với hoạt động nhóm hơn rồi.","POSITIVE"
"Em đang ở mức trung bình với cách dạy, bình thường.","NEUTRAL"
"bạn nhóm hợp tác tốt nên em thấy tự tin hơn trước nhiều khi học bài thực hành.","POSITIVE"
"môi trường lớp tích cực nên em thấy hứng thú hẳn lên khi học bài thực hành.","POSITIVE"
"Em nhẹ đầu hơn nhiều lắm – tài liệu rõ ràng hơn giúp em nhiều.","POSITIVE"
"Em đầu óc quay tít khi học tiến độ học kỳ – không có tài liệu rõ ràng.","NEGATIVE"
"Tạm ổn, em vẫn theo kịp bài.","NEUTRAL"
"lịch học dày nhưng em vẫn theo kịp bài tốt.","POSITIVE"
"Thật ra lịch học cũng thú vị, em thấy yên tâm hơn nhiều khi làm quen rồi.","POSITIVE"
"Cũng ổn thôi, nội dung tuần này vừa sức với em.","NEUTRAL"
"Mặc dù stress nặng nhưng em vẫn làm được bài tập.","NEUTRAL"
"Tài liệu thầy cho rõ ràng, em tự đọc được.","POSITIVE"
"Tuy đuối sức nhưng em vẫn vẫn học ổn.","NEUTRAL"
"Nhờ tài liệu rõ ràng hơn, em thấy hài lòng ghê với yêu cầu môn học hơn rồi.","POSITIVE"
"Em đang ở mức trung bình với nội dung tuần này, khá áp lực.","NEUTRAL"
"Em thấy bình thường với tốc độ giảng bài, không hơn không kém.","NEUTRAL"
"Em vừa phải với deadline bài tập, vẫn đang cố làm quen.","NEUTRAL"
"Em học theo được nhưng cần đọc thêm tài liệu ngoài.","NEUTRAL"
"Em không tập trung được khi học bài kiểm tra giữa kỳ – không có tài liệu rõ ràng.","NEGATIVE"
"Nhờ bạn nhóm hợp tác tốt, em thấy hứng thú hẳn lên với tài liệu học tập hơn rồi.","POSITIVE"
"em chủ động hỏi thêm nên em thấy hiểu bài nhanh hơn khi học cách chấm điểm.","POSITIVE"
"Nhờ thầy cô hỗ trợ nhiệt tình, em thấy thấy tiến bộ rõ với sự tương tác trong lớp hơn rồi.","POSITIVE"
"được hướng dẫn chi tiết hơn nên em thấy rất thoải mái khi học cách chấm điểm.","POSITIVE"
"thầy cô hỗ trợ nhiệt tình nên em thấy nhẹ đầu hơn nhiều khi học sự tương tác trong lớp.","POSITIVE"
"được hướng dẫn chi tiết hơn nên em thấy chill hơn hẳn khi học bài giảng.","POSITIVE"
"Em hoang mang thật sự khi học nội dung khó – em đang thiếu ngủ ghê.","NEGATIVE"
"Tạm chấp nhận được, tài liệu không phải điểm em lo nhất.","NEUTRAL"
"tiến độ học kỳ đang làm em không tập trung được, không biết hỏi ai.","NEGATIVE"
"Em thấy môn này cần kiên nhẫn, chứ không đặc biệt khó.","NEUTRAL"
"Tốc độ học vừa phải, em không bị quá tải.","NEUTRAL"
"Nhờ môi trường lớp tích cực, em thấy hiểu bài nhanh hơn với sự tương tác trong lớp hơn rồi.","POSITIVE"
"Tưởng sẽ ổn định nhưng cuối cùng lại kiệt sức.","NEGATIVE"
"theo kịp nhưng thực tế em lại quá tải thật sự.","NEGATIVE"
"Tuy stress nặng nhưng em vẫn làm được bài tập.","NEUTRAL"
"Tuy mất động lực nhưng em vẫn hiểu được nội dung.","NEUTRAL"
"Tình trạng hiện tại của em là vừa phải thôi, chưa có chuyện gì.","NEUTRAL"
"Tạm chấp nhận được, cách dạy không phải điểm em lo nhất.","NEUTRAL"
"Tạm chấp nhận được, tốc độ giảng bài không phải điểm em lo nhất.","NEUTRAL"
"Em học cách dạy được nhưng chưa thấy gì đặc biệt.","NEUTRAL"
"Dạo này deadline bài tập khiến em đầu óc quay tít, không hiểu bài mà ngại hỏi.","NEGATIVE"
"Em rất thoải mái lắm – được hướng dẫn chi tiết hơn giúp em nhiều.","POSITIVE"
"Em đang ở mức trung bình với việc học nhóm, không quá khó.","NEUTRAL"
"Em kiệt sức khi học bài tập nhóm – không có tài liệu rõ ràng.","NEGATIVE"
"Em hơi rối với lịch học, vẫn đang cố làm quen.","NEUTRAL"
"Cứ tới cách chấm điểm là em lại thấy bị quá tải, nản lắm.","NEGATIVE"
"Dù bài hơi khó nhưng em vẫn theo kịp bài được.","POSITIVE"
"Em thấy đầu óc quay tít – bài kiểm tra giữa kỳ và tiến độ học quá nhanh cộng lại quá sức.","NEGATIVE"
"Dạo này bài thực hành khiến em chill hơn hẳn, có lẽ nhờ thầy cô hỗ trợ nhiệt tình.","POSITIVE"
"Em có động lực hơn hẳn lắm – em chủ động hỏi thêm giúp em nhiều.","POSITIVE"
"bài nhiều mà thời gian không đủ nên nội dung khó làm em mất động lực liên tục.","NEGATIVE"
"Em thấy nản lắm rồi – bài tập nhóm và bài nhiều mà thời gian không đủ cộng lại quá sức.","NEGATIVE"
"Dạo này bài kiểm tra giữa kỳ khiến em bị quá tải, em đang thiếu ngủ ghê.","NEGATIVE"
"Em thấy bị quá tải – khối lượng kiến thức và nhóm không làm việc được với nhau cộng lại quá sức.","NEGATIVE"
"cách dạy hơi khó theo nên kỳ thi cuối kỳ làm em muốn bỏ cuộc liên tục.","NEGATIVE"
"Em học nội dung tuần này được nhưng chưa thấy gì đặc biệt.","NEUTRAL"
"Em đang ở mức trung bình với các yêu cầu môn học, bình thường.","NEUTRAL"
"Dạo này tiến độ học kỳ khiến em khó theo kịp, không có tài liệu rõ ràng.","NEGATIVE"
"Em thấy stress liên tục – lịch học dày và bài nhiều mà thời gian không đủ cộng lại quá sức.","NEGATIVE"
"Cũng ổn thôi, tài liệu vừa sức với em.","NEUTRAL"
"Em thấy không thoải mái lắm với tài liệu, không hơn không kém.","NEUTRAL"
"Em thấy nản lắm rồi – tiến độ học kỳ và cách dạy hơi khó theo cộng lại quá sức.","NEGATIVE"
"Nhờ thầy cô hỗ trợ nhiệt tình, em thấy rất thoải mái với lịch học hơn rồi.","POSITIVE"
"Em hoang mang thật sự khi học tiến độ học kỳ – không có tài liệu rõ ràng.","NEGATIVE"
"Gần đây tài liệu học tập không còn là nỗi lo nữa, em thấy chill hơn hẳn.","POSITIVE"
"Em thấy hoang mang thật sự – khối lượng kiến thức và áp lực từ nhiều môn cùng lúc cộng lại quá sức.","NEGATIVE"
"tài liệu rõ ràng hơn nên em thấy khá tự tin khi học feedback từ giảng viên.","POSITIVE"
"Cứ nghĩ feedback từ giảng viên sẽ khó, nhưng em lại thấy yên tâm hơn nhiều.","POSITIVE"
"Em thấy bị quá tải – deadline bài tập và không có tài liệu rõ ràng cộng lại quá sức.","NEGATIVE"
"Tưởng sẽ ổn định nhưng cuối cùng lại không theo kịp.","NEGATIVE"
"Nhờ được hướng dẫn chi tiết hơn, em thấy chill hơn hẳn với feedback từ giảng viên hơn rồi.","POSITIVE"
"Em thấy mệt mỏi ghê – tốc độ giảng bài và không hiểu bài mà ngại hỏi cộng lại quá sức.","NEGATIVE"
"Em thấy rất áp lực – tốc độ giảng bài và deadline dồn vào một tuần cộng lại quá sức.","NEGATIVE"
"Tuy stress nặng nhưng em vẫn hiểu được nội dung.","NEUTRAL"
"Mặc dù không theo kịp nhưng em vẫn hiểu được nội dung.","NEUTRAL"
"Mặc dù đuối sức nhưng em vẫn nắm được ý chính.","NEUTRAL"
"deadline dồn vào một tuần khiến em kiệt sức với nội dung khó.","NEGATIVE"
"Em tạm chấp nhận được với việc học nhóm, vẫn đang cố làm quen.","NEUTRAL"
"Nhờ được hướng dẫn chi tiết hơn, em thấy có động lực hơn hẳn với tài liệu học tập hơn rồi.","POSITIVE"
"Em đang ở mức trung bình với deadline bài tập, bình thường.","NEUTRAL"
"lịch học dày nhưng em vẫn hiểu được nội dung tốt.","POSITIVE"
"Cứ nghĩ yêu cầu môn học sẽ khó, nhưng em lại thấy hài lòng ghê.","POSITIVE"
"Em thấy môn này khá hay, không chán như em nghĩ.","POSITIVE"
"Tưởng sẽ học tốt nhưng cuối cùng lại mất động lực.","NEGATIVE"
"Mặc dù quá tải thật sự nhưng em vẫn làm được bài tập.","NEUTRAL"
"Em vui vì hiểu ra rồi lắm – em chủ động hỏi thêm giúp em nhiều.","POSITIVE"
"Bài giảng nhanh quá, em ghi không kịp chứ chưa nói hiểu.","NEGATIVE"
"Dạo này hoạt động nhóm khiến em khá tự tin, có lẽ nhờ môi trường lớp tích cực.","POSITIVE"
"Nhờ cách tổ chức môn hợp lý, em thấy hứng thú hẳn lên với bài kiểm tra giữa kỳ hơn rồi.","POSITIVE"
"Em hơi mệt với bài giảng, vẫn đang cố làm quen.","NEUTRAL"
"Em đang ở mức trung bình với lịch học, bình thường.","NEUTRAL"
"em đang thiếu ngủ ghê nên yêu cầu môn học làm em mất động lực liên tục.","NEGATIVE"
"ổn định nhưng thực tế em lại không theo kịp.","NEGATIVE"
"Em không có gì nổi bật với deadline bài tập, vẫn đang cố làm quen.","NEUTRAL"
"môi trường lớp tích cực nên em thấy hài lòng ghê khi học tốc độ giảng bài.","POSITIVE"
"Nhờ em chủ động hỏi thêm, em thấy vui vì hiểu ra rồi với bài kiểm tra giữa kỳ hơn rồi.","POSITIVE"
"cách dạy bình thường, em học được nhưng cần thêm thời gian.","NEUTRAL"
"không hiểu bài mà ngại hỏi khiến em muốn bỏ cuộc với cách chấm điểm.","NEGATIVE"
"Em mất động lực khi học cách chấm điểm – không hiểu bài mà ngại hỏi.","NEGATIVE"
"Em rất thoải mái lắm – thầy cô hỗ trợ nhiệt tình giúp em nhiều.","POSITIVE"
"cách dạy hơi khó theo khiến em hoang mang thật sự với bài thực hành.","NEGATIVE"
"cách dạy hơi khó theo khiến em không thở được với tốc độ giảng bài.","NEGATIVE"
"Mặc dù đuối sức nhưng em vẫn theo kịp bài.","NEUTRAL"
"Em hơi mệt với deadline bài tập, vẫn đang cố làm quen.","NEUTRAL"
"cách chấm điểm thật ra không khó như em nghĩ, em thấy vui vì hiểu ra rồi.","POSITIVE"
"Học việc học nhóm ổn, nhưng em chưa có cảm hứng gì đặc biệt.","NEUTRAL"
"Em ổn áp khi tiếp cận cách giải thích của thầy cô, cảm giác rất khác so với trước.","POSITIVE"
"Em thấy stress liên tục – bài thực hành và bài nhiều mà thời gian không đủ cộng lại quá sức.","NEGATIVE"
"Không theo kịp bài tập nhóm làm em nản lắm rồi nhiều ngày nay.","NEGATIVE"
"Tuy stress nặng nhưng em vẫn vẫn học ổn.","NEUTRAL"
"Em dễ tiếp thu hơn lắm – tài liệu rõ ràng hơn giúp em nhiều.","POSITIVE"
"thầy cô hỗ trợ nhiệt tình nên em thấy hiểu bài nhanh hơn khi học bài kiểm tra giữa kỳ.","POSITIVE"
"Dù bài hơi khó nhưng em vẫn vẫn học ổn được.","POSITIVE"
"không có tài liệu rõ ràng nên bài tập nhóm làm em không thở được liên tục.","NEGATIVE"
"Em thấy học được – không có gì đáng lo nhưng cũng chưa thích lắm.","NEUTRAL"
"Tình trạng hiện tại của em là bình thường thôi, chưa có chuyện gì.","NEUTRAL"
"Em khá áp lực với bài tập, vẫn đang cố làm quen.","NEUTRAL"
"Em thấy ở mức trung bình – không có gì đáng lo nhưng cũng chưa thích lắm.","NEUTRAL"
"Nhìn chung nội dung tuần này ổn, chưa cần can thiệp gì.","NEUTRAL"
"cách dạy hơi khó theo nên tài liệu thiếu làm em đuối sức liên tục.","NEGATIVE"
"Em dễ nản khi học cách chấm điểm – bài nhiều mà thời gian không đủ.","NEGATIVE"
"Tạm chấp nhận được, các yêu cầu môn học không phải điểm em lo nhất.","NEUTRAL"
"Hơi đuối sức nhưng em vẫn theo kịp bài.","NEUTRAL"
"Em không tập trung được khi học nội dung khó – deadline dồn vào một tuần.","NEGATIVE"
"nhóm không làm việc được với nhau khiến em rất áp lực với deadline bài tập.","NEGATIVE"
"deadline bài tập đang làm em mất động lực, không biết hỏi ai.","NEGATIVE"
"Em thấy khá ổn với việc học nhóm, không hơn không kém.","NEUTRAL"
"Em thấy hài lòng ghê ạ, tốc độ giảng bài hợp với em hơn kỳ trước.","POSITIVE"
"Dạo này yêu cầu môn học khiến em chill hơn hẳn, có lẽ nhờ thầy cô hỗ trợ nhiệt tình.","POSITIVE"
"Nhờ em chủ động hỏi thêm, em thấy tự tin hơn trước nhiều với tài liệu học tập hơn rồi.","POSITIVE"
"Dù tiến độ nhanh nhưng em vẫn nắm được ý chính được.","POSITIVE"
"Em thấy mất động lực – cách dạy và không hiểu bài mà ngại hỏi cộng lại quá sức.","NEGATIVE"
"Em thấy chill hơn hẳn ạ, khối lượng kiến thức hợp với em hơn kỳ trước.","POSITIVE"
"Em đang ở mức trung bình với các yêu cầu môn học, không thích không ghét.","NEUTRAL"
"Em học được với bài giảng, vẫn đang cố làm quen.","NEUTRAL"
"Mặc dù không theo kịp nhưng em vẫn vẫn học ổn.","NEUTRAL"
"Em học bài tập được nhưng chưa thấy gì đặc biệt.","NEUTRAL"
"Em vẫn theo kịp bài kiểm tra giữa kỳ, nhưng cần đọc thêm ngoài giờ.","NEUTRAL"
"em chủ động hỏi thêm nên em thấy tự tin hơn trước nhiều khi học cách giải thích của thầy cô.","POSITIVE"
"Em thấy hơi mệt với deadline bài tập, không hơn không kém.","NEUTRAL"
"Gần đây bài giảng không còn là nỗi lo nữa, em thấy có động lực hơn hẳn.","POSITIVE"
"không hiểu bài mà ngại hỏi nên deadline bài tập làm em muốn bỏ cuộc liên tục.","NEGATIVE"
"Em thấy đuối sức – kỳ thi cuối kỳ và áp lực từ nhiều môn cùng lúc cộng lại quá sức.","NEGATIVE"
"Dạo này tiến độ học kỳ khiến em muốn bỏ cuộc, deadline dồn vào một tuần.","NEGATIVE"
"tài liệu bình thường, em học được nhưng cần thêm thời gian.","NEUTRAL"
"Em đang ở mức trung bình với lịch học, hơi rối.","NEUTRAL"
"Dạo này feedback từ giảng viên khiến em chill hơn hẳn, có lẽ nhờ thầy cô hỗ trợ nhiệt tình.","POSITIVE"
"Em thấy rất áp lực – bài tập nhóm và cách dạy hơi khó theo cộng lại quá sức.","NEGATIVE"
"Chưa hứng thú lắm, nhưng em vẫn hoàn thành bài đúng hạn.","NEUTRAL"
"Bài tập vừa sức, em làm được mà vẫn học được thêm.","POSITIVE"
"Em cảm thấy tụt hậu so với cả lớp.","NEGATIVE"
"Em đang ở mức trung bình với việc học nhóm, ổn định.","NEUTRAL"
"Em học tài liệu được nhưng chưa thấy gì đặc biệt.","NEUTRAL"
"áp lực từ nhiều môn cùng lúc khiến em khó theo kịp với tài liệu thiếu.","NEGATIVE"
"Em thấy không thích không ghét với bài tập, không hơn không kém.","NEUTRAL"
"Em đang ở mức trung bình với bài giảng, hơi mệt.","NEUTRAL"
"Em vẫn theo kịp các yêu cầu môn học, nhưng cần đọc thêm ngoài giờ.","NEUTRAL"
"Nhờ bài giảng được cải thiện nhiều, em thấy rất thoải mái với khối lượng kiến thức hơn rồi.","POSITIVE"
"cách tổ chức môn hợp lý nên em thấy khá tự tin khi học feedback từ giảng viên.","POSITIVE"
"Em đang ở mức trung bình với tài liệu, không có gì nổi bật.","NEUTRAL"
"Em thấy dễ tiếp thu hơn ạ, việc học nhóm hợp với em hơn kỳ trước.","POSITIVE"
"Dạo này bài giảng khiến em khá tự tin, có lẽ nhờ bạn nhóm hợp tác tốt.","POSITIVE"
"Em thấy không thở được – lịch học dày và bài nhiều mà thời gian không đủ cộng lại quá sức.","NEGATIVE"
"Môn này ổn, không khiến em thích hay chán gì đặc biệt.","NEUTRAL"
"Em kiệt sức khi học khối lượng kiến thức – em đang thiếu ngủ ghê.","NEGATIVE"
"Dạo này tài liệu học tập khiến em hiểu bài nhanh hơn, có lẽ nhờ bài giảng được cải thiện nhiều.","POSITIVE"
"Em thấy không thở được – cách dạy và bài nhiều mà thời gian không đủ cộng lại quá sức.","NEGATIVE"
"Em khá tự tin lắm – được hướng dẫn chi tiết hơn giúp em nhiều.","POSITIVE"
"hiểu bài nhưng thực tế em lại đuối sức.","NEGATIVE"
"Không theo kịp yêu cầu môn học làm em không tập trung được nhiều ngày nay.","NEGATIVE"
"Mặc dù kiệt sức nhưng em vẫn vẫn học ổn.","NEUTRAL"
"em chủ động hỏi thêm nên em thấy vui vì hiểu ra rồi khi học khối lượng kiến thức.","POSITIVE"
"Tuy không theo kịp nhưng em vẫn theo kịp bài.","NEUTRAL"
"Học tài liệu ổn, nhưng em chưa có cảm hứng gì đặc biệt.","NEUTRAL"
"tiến độ nhanh nhưng em vẫn làm được bài tập tốt.","POSITIVE"
"Hơi stress nặng nhưng em vẫn nắm được ý chính.","NEUTRAL"
"Dạo này lịch học khiến em khá tự tin, có lẽ nhờ bài giảng được cải thiện nhiều.","POSITIVE"
"Em stress liên tục thật sự – tốc độ giảng bài khó quá mà không có đủ tài liệu.","NEGATIVE"
"Em ổn áp lắm – em chủ động hỏi thêm giúp em nhiều.","POSITIVE"
"Em đuối sức khi học tiến độ học kỳ – nhóm không làm việc được với nhau.","NEGATIVE"
"Nhìn lại thì cách chấm điểm không tệ chút nào, em cảm thấy chill hơn hẳn.","POSITIVE"
"tài liệu rõ ràng hơn nên em thấy chill hơn hẳn khi học cách giải thích của thầy cô.","POSITIVE"
"Em hài lòng ghê lắm – bạn nhóm hợp tác tốt giúp em nhiều.","POSITIVE"
"cách tổ chức môn hợp lý nên em thấy hiểu bài nhanh hơn khi học lịch học.","POSITIVE"
"Em không muốn than thở nhưng dạo này thật sự quá sức.","NEGATIVE"
"áp lực từ nhiều môn cùng lúc nên bài tập nhóm làm em stress liên tục liên tục.","NEGATIVE"
"Dạo này bài kiểm tra giữa kỳ khiến em hoang mang thật sự, tiến độ học quá nhanh.","NEGATIVE"
"Em rất áp lực khi học tài liệu thiếu – không hiểu bài mà ngại hỏi.","NEGATIVE"
"Dạo này việc học nhóm khiến em hiểu bài nhanh hơn, có lẽ nhờ bạn nhóm hợp tác tốt.","POSITIVE"
"Em đang ở mức trung bình với bài tập, khá ổn.","NEUTRAL"
"sự tương tác trong lớp thật ra không khó như em nghĩ, em thấy thấy tiến bộ rõ.","POSITIVE"
"em đang thiếu ngủ ghê khiến em hoang mang thật sự với kỳ thi cuối kỳ.","NEGATIVE"
"Em nhẹ đầu hơn nhiều khi tiếp cận bài giảng, cảm giác rất khác so với trước.","POSITIVE"
"Em dễ nản khi học nội dung khó – bài nhiều mà thời gian không đủ.","NEGATIVE"
"Em thấy không quá dễ với bài tập, không hơn không kém.","NEUTRAL"
"cách dạy hơi khó theo nên cách dạy làm em rất áp lực liên tục.","NEGATIVE"
"Hơi kiệt sức nhưng em vẫn nắm được ý chính.","NEUTRAL"
"môi trường lớp tích cực nên em thấy hiểu bài nhanh hơn khi học cách chấm điểm.","POSITIVE"
"áp lực từ nhiều môn cùng lúc nên kỳ thi cuối kỳ làm em rất áp lực liên tục.","NEGATIVE"
"bài tập theo kịp được, không phải vấn đề lớn.","NEUTRAL"
"Nhờ môi trường lớp tích cực, em thấy hài lòng ghê với cách giải thích của thầy cô hơn rồi.","POSITIVE"
"Em đang ở mức trung bình với cách dạy, không thoải mái lắm.","NEUTRAL"
"nhóm không làm việc được với nhau nên nội dung khó làm em bị quá tải liên tục.","NEGATIVE"
"Hơi quá tải thật sự nhưng em vẫn nắm được ý chính.","NEUTRAL"
"Em muốn bỏ cuộc thật sự, căng thẳng quá mức.","NEGATIVE"
"Mặc dù quá tải thật sự nhưng em vẫn nắm được ý chính.","NEUTRAL"
"thầy cô hỗ trợ nhiệt tình nên em thấy chill hơn hẳn khi học cách giải thích của thầy cô.","POSITIVE"
"Em thấy kiệt sức – bài thực hành và áp lực từ nhiều môn cùng lúc cộng lại quá sức.","NEGATIVE"
"Em đang ở mức trung bình với nội dung tuần này, ổn định.","NEUTRAL"
"không có tài liệu rõ ràng khiến em dễ nản với bài thực hành.","NEGATIVE"
"Em tự tin hơn trước nhiều lắm – được hướng dẫn chi tiết hơn giúp em nhiều.","POSITIVE"
"Em thấy không thích không ghét với việc học nhóm, không hơn không kém.","NEUTRAL"
"Nhờ bạn nhóm hợp tác tốt, em thấy yên tâm hơn nhiều với tài liệu học tập hơn rồi.","POSITIVE"
"không có tài liệu rõ ràng nên tiến độ học kỳ làm em không tập trung được liên tục.","NEGATIVE"
"Hơi kiệt sức nhưng em vẫn vẫn học ổn.","NEUTRAL"
"Dạo này yêu cầu môn học khiến em yên tâm hơn nhiều, có lẽ nhờ được hướng dẫn chi tiết hơn.","POSITIVE"
"Em đang ở mức trung bình với việc học nhóm, hơi mệt.","NEUTRAL"
"Em ổn áp lắm – thầy cô hỗ trợ nhiệt tình giúp em nhiều.","POSITIVE"
"Em không quá dễ với deadline bài tập, vẫn đang cố làm quen.","NEUTRAL"
"Mặc dù không theo kịp nhưng em vẫn theo kịp bài.","NEUTRAL"
"Em thấy bình thường, không có vấn đề gì đặc biệt.","NEUTRAL"
"Em hiểu bài nhanh hơn lắm – bài giảng được cải thiện nhiều giúp em nhiều.","POSITIVE"
"Em có động lực hơn hẳn lắm – bạn nhóm hợp tác tốt giúp em nhiều.","POSITIVE"
"Em rất áp lực khi học cách chấm điểm – cách dạy hơi khó theo.","NEGATIVE"
"Dạo này việc học nhóm khiến em hứng thú hẳn lên, có lẽ nhờ bài giảng được cải thiện nhiều.","POSITIVE"
"Dạo này bài thực hành khiến em bị quá tải, không có tài liệu rõ ràng.","NEGATIVE"
"Em thấy dễ nản – bài tập nhóm và áp lực từ nhiều môn cùng lúc cộng lại quá sức.","NEGATIVE"
"Em thấy không thoải mái lắm – không có gì đáng lo nhưng cũng chưa thích lắm.","NEUTRAL"
"bài kiểm tra giữa kỳ theo kịp được, không phải vấn đề lớn.","NEUTRAL"
"môi trường lớp tích cực nên em thấy khá tự tin khi học khối lượng kiến thức.","POSITIVE"
"Dạo này tốc độ giảng bài khiến em vui vì hiểu ra rồi, có lẽ nhờ thầy cô hỗ trợ nhiệt tình.","POSITIVE"
"Em đang ở mức trung bình với bài giảng, không có gì nổi bật.","NEUTRAL"
"Em ở mức trung bình với deadline bài tập, vẫn đang cố làm quen.","NEUTRAL"
"Hơi mất động lực nhưng em vẫn hiểu được nội dung.","NEUTRAL"
"Em thấy tạm chấp nhận được với lịch học, không hơn không kém.","NEUTRAL"
"bài nhiều mà thời gian không đủ khiến em đầu óc quay tít với bài tập nhóm.","NEGATIVE"
"Dạo này bài thực hành khiến em có động lực hơn hẳn, có lẽ nhờ tài liệu rõ ràng hơn.","POSITIVE"
"Em ở mức trung bình với cách dạy, vẫn đang cố làm quen.","NEUTRAL"
"Gần đây sự tương tác trong lớp không còn là nỗi lo nữa, em thấy dễ tiếp thu hơn.","POSITIVE"
"Em nản lắm rồi khi học bài kiểm tra giữa kỳ – bài tập quá nhiều so với thời gian.","NEGATIVE"
"Em đang ở mức trung bình với bài giảng, khá ổn.","NEUTRAL"
"Gần đây bài thực hành không còn là nỗi lo nữa, em thấy ổn áp.","POSITIVE"
"Dạo này lịch học dày khiến em bị quá tải, cách dạy hơi khó theo.","NEGATIVE"
"Nhìn lại thì cách giải thích của thầy cô không tệ chút nào, em cảm thấy yên tâm hơn nhiều.","POSITIVE"
"Tạm chấp nhận được, khối lượng kiến thức không phải điểm em lo nhất.","NEUTRAL"
"Em thấy hơi mệt với tốc độ giảng bài, không hơn không kém.","NEUTRAL"
"nội dung tuần này theo kịp được, không phải vấn đề lớn.","NEUTRAL"
"Em không quá dễ với bài tập, vẫn đang cố làm quen.","NEUTRAL"
"Tuy stress nặng nhưng em vẫn theo kịp bài.","NEUTRAL"
"Dạo này bài tập nhóm khiến em nản lắm rồi, bài tập quá nhiều so với thời gian.","NEGATIVE"
"bạn nhóm hợp tác tốt nên em thấy dễ tiếp thu hơn khi học khối lượng kiến thức.","POSITIVE"
"Em thấy khá ổn với khối lượng kiến thức, không hơn không kém.","NEUTRAL"
"Kỳ này sự tương tác trong lớp làm em hài lòng ghê, em học vào hơn nhiều.","POSITIVE"
"Em kiệt sức khi học bài thực hành – nhóm không làm việc được với nhau.","NEGATIVE"
"Tuy đuối sức nhưng em vẫn làm được bài tập.","NEUTRAL"
"Em đang ở mức trung bình với các yêu cầu môn học, khá ổn.","NEUTRAL"
"áp lực từ nhiều môn cùng lúc khiến em không tập trung được với bài tập nhóm.","NEGATIVE"
"Em mất động lực khi học cách dạy – không hiểu bài mà ngại hỏi.","NEGATIVE"
"Tuy stress nặng nhưng em vẫn nắm được ý chính.","NEUTRAL"
"feedback từ giảng viên thật ra không khó như em nghĩ, em thấy vui vì hiểu ra rồi.","POSITIVE"
"Em thấy yên tâm hơn nhiều ạ, feedback từ giảng viên hợp với em hơn kỳ trước.","POSITIVE"
"em chủ động hỏi thêm nên em thấy hài lòng ghê khi học sự tương tác trong lớp.","POSITIVE"
"Em tự tin hơn trước nhiều lắm – bạn nhóm hợp tác tốt giúp em nhiều.","POSITIVE"
"Em thấy khó theo kịp vì nội dung khó tiến độ quá nhanh.","NEGATIVE"
"Tuy mất động lực nhưng em vẫn làm được bài tập.","NEUTRAL"
"Tình trạng hiện tại của em là tạm chấp nhận được thôi, chưa có chuyện gì.","NEUTRAL"
"Em bị quá tải khi học nội dung khó – nhóm không làm việc được với nhau.","NEGATIVE"
"Tuy quá tải thật sự nhưng em vẫn nắm được ý chính.","NEUTRAL"
"Em thấy hơi mệt – không có gì đáng lo nhưng cũng chưa thích lắm.","NEUTRAL"
"Không có tài liệu rõ ràng, em mò mẫm mãi không ra.","NEGATIVE"
"Em thấy muốn bỏ cuộc – yêu cầu môn học và bài tập quá nhiều so với thời gian cộng lại quá sức.","NEGATIVE"
"Nhờ bài giảng được cải thiện nhiều, em thấy chill hơn hẳn với deadline bài tập hơn rồi.","POSITIVE"
"Em khá tự tin lắm – môi trường lớp tích cực giúp em nhiều.","POSITIVE"
"Nhờ cách tổ chức môn hợp lý, em thấy có động lực hơn hẳn với việc học nhóm hơn rồi.","POSITIVE"
"deadline dồn vào một tuần nên bài kiểm tra giữa kỳ làm em không tập trung được liên tục.","NEGATIVE"
"bài tập quá nhiều so với thời gian nên cách chấm điểm làm em nản lắm rồi liên tục.","NEGATIVE"
"Em thấy không thở được – nội dung khó và cách dạy hơi khó theo cộng lại quá sức.","NEGATIVE"
"Dạo này cách chấm điểm khiến em tự tin hơn trước nhiều, có lẽ nhờ môi trường lớp tích cực.","POSITIVE"
"Tuy kiệt sức nhưng em vẫn vẫn học ổn.","NEUTRAL"
"Tưởng sẽ hiểu bài nhưng cuối cùng lại mất động lực.","NEGATIVE"
"Cứ nghĩ khối lượng kiến thức sẽ khó, nhưng em lại thấy yên tâm hơn nhiều.","POSITIVE"
"Dạo này nội dung khó khiến em dễ nản, nhóm không làm việc được với nhau.","NEGATIVE"
"Em thấy không tập trung được – bài tập nhóm và cách dạy hơi khó theo cộng lại quá sức.","NEGATIVE"
"Em vẫn theo kịp deadline bài tập, nhưng cần đọc thêm ngoài giờ.","NEUTRAL"
"Nhờ tài liệu rõ ràng hơn, em thấy rất thoải mái với lịch học hơn rồi.","POSITIVE"
"Em thấy ổn định với lịch học, không hơn không kém.","NEUTRAL"
"Em không quá dễ với lịch học, vẫn đang cố làm quen.","NEUTRAL"
"không có tài liệu rõ ràng khiến em stress liên tục với bài kiểm tra giữa kỳ.","NEGATIVE"
"Nhờ được hướng dẫn chi tiết hơn, em thấy vui vì hiểu ra rồi với feedback từ giảng viên hơn rồi.","POSITIVE"
"em đang thiếu ngủ ghê khiến em dễ nản với khối lượng kiến thức.","NEGATIVE"
"bạn nhóm hợp tác tốt nên em thấy có động lực hơn hẳn khi học bài kiểm tra giữa kỳ.","POSITIVE"
"Em thấy vừa phải – không có gì đáng lo nhưng cũng chưa thích lắm.","NEUTRAL"
"Tuy mất động lực nhưng em vẫn theo kịp bài.","NEUTRAL"
"Em đang ở mức trung bình với deadline bài tập, học được.","NEUTRAL"
"Em vẫn theo kịp nội dung tuần này, nhưng cần đọc thêm ngoài giờ.","NEUTRAL"
"Em khá áp lực với tài liệu, vẫn đang cố làm quen.","NEUTRAL"
"Dù lịch học dày nhưng em vẫn nắm được ý chính được.","POSITIVE"
"Nhờ tài liệu rõ ràng hơn, em thấy dễ tiếp thu hơn với sự tương tác trong lớp hơn rồi.","POSITIVE"
"Em thấy tiến bộ rõ khi tiếp cận cách giải thích của thầy cô, cảm giác rất khác so với trước.","POSITIVE"
"Dạo này bài tập nhóm khiến em stress liên tục, bài tập quá nhiều so với thời gian.","NEGATIVE"
"Em đang rất stress, bài nhiều mà thời gian không đủ.","NEGATIVE"
"Hơi mất động lực nhưng em vẫn làm được bài tập.","NEUTRAL"
"deadline nhiều nhưng em vẫn nắm được ý chính tốt.","POSITIVE"
"Em thấy không quá khó với bài giảng, không hơn không kém.","NEUTRAL"
"Mặc dù kiệt sức nhưng em vẫn nắm được ý chính.","NEUTRAL"
"Nhờ em chủ động hỏi thêm, em thấy khá tự tin với bài kiểm tra giữa kỳ hơn rồi.","POSITIVE"
"Giờ học căng thẳng, em ra về là đầu óc trống không.","NEGATIVE"
"Dạo này deadline bài tập khiến em hoang mang thật sự, áp lực từ nhiều môn cùng lúc.","NEGATIVE"
"Hơi kiệt sức nhưng em vẫn hiểu được nội dung.","NEUTRAL"
"Tình trạng hiện tại của em là không thích không ghét thôi, chưa có chuyện gì.","NEUTRAL"
"Em rất áp lực khi học bài kiểm tra giữa kỳ – nhóm không làm việc được với nhau.","NEGATIVE"
"Em không thoải mái lắm với cách dạy, vẫn đang cố làm quen.","NEUTRAL"
"Em thấy nản lắm rồi – nội dung khó và tiến độ học quá nhanh cộng lại quá sức.","NEGATIVE"
"nội dung tuần này không quá khó nhưng cũng chưa gây hứng thú cho em.","NEUTRAL"
"Em đang ở mức trung bình với bài kiểm tra giữa kỳ, không có gì nổi bật.","NEUTRAL"
"Em đang ở mức trung bình với nội dung tuần này, chưa có cảm xúc gì mạnh.","NEUTRAL"
"bài tập quá nhiều so với thời gian khiến em mệt mỏi ghê với tài liệu thiếu.","NEGATIVE"
"Nhờ tài liệu rõ ràng hơn, em thấy tự tin hơn trước nhiều với bài giảng hơn rồi.","POSITIVE"
"nhóm không làm việc được với nhau nên yêu cầu môn học làm em hoang mang thật sự liên tục.","NEGATIVE"
"Tưởng sẽ theo kịp nhưng cuối cùng lại quá tải thật sự.","NEGATIVE"
"Em nhẹ đầu hơn nhiều lắm – em chủ động hỏi thêm giúp em nhiều.","POSITIVE"
"Em vui vì hiểu ra rồi khi tiếp cận yêu cầu môn học, cảm giác rất khác so với trước.","POSITIVE"
"Em nản lắm rồi khi học bài kiểm tra giữa kỳ – áp lực từ nhiều môn cùng lúc.","NEGATIVE"
"áp lực từ nhiều môn cùng lúc khiến em đuối sức với cách dạy.","NEGATIVE"
"Cách chấm điểm không rõ ràng, em không biết mình sai ở đâu.","NEGATIVE"
"Em chưa có cảm xúc gì mạnh với môn này, học xong rồi thôi.","NEUTRAL"
"Nhờ em chủ động hỏi thêm, em thấy tự tin hơn trước nhiều với sự tương tác trong lớp hơn rồi.","POSITIVE"
"Dạo này bài kiểm tra giữa kỳ khiến em hứng thú hẳn lên, có lẽ nhờ tài liệu rõ ràng hơn.","POSITIVE"
"deadline nhiều nhưng em vẫn làm được bài tập tốt.","POSITIVE"
"Nhờ bạn nhóm hợp tác tốt, em thấy tự tin hơn trước nhiều với yêu cầu môn học hơn rồi.","POSITIVE"
"Mặc dù mất động lực nhưng em vẫn hiểu được nội dung.","NEUTRAL"
"Buổi học hôm nay thú vị hơn em tưởng.","POSITIVE"
"thầy cô hỗ trợ nhiệt tình nên em thấy dễ tiếp thu hơn khi học lịch học.","POSITIVE"
"Em thấy chưa có cảm xúc gì mạnh – không có gì đáng lo nhưng cũng chưa thích lắm.","NEUTRAL"
"Em rất áp lực khi học bài thực hành – deadline dồn vào một tuần.","NEGATIVE"
"không có tài liệu rõ ràng khiến em không thở được với bài tập nhóm.","NEGATIVE"
"Dạo này cách giải thích của thầy cô khiến em hài lòng ghê, có lẽ nhờ tài liệu rõ ràng hơn.","POSITIVE"
"deadline dồn vào một tuần khiến em không thở được với khối lượng kiến thức.","NEGATIVE"
"Em đang ở mức trung bình với bài kiểm tra giữa kỳ, không thích không ghét.","NEUTRAL"
"Thật ra cách giải thích của thầy cô cũng thú vị, em thấy tự tin hơn trước nhiều khi làm quen rồi.","POSITIVE"
"Dạo này kỳ thi cuối kỳ khiến em bị quá tải, áp lực từ nhiều môn cùng lúc.","NEGATIVE"
"Hơi stress nặng nhưng em vẫn theo kịp bài.","NEUTRAL"
"Em đang ở mức trung bình với nội dung tuần này, bình thường.","NEUTRAL"
"Em thấy mất động lực – kỳ thi cuối kỳ và bài tập quá nhiều so với thời gian cộng lại quá sức.","NEGATIVE"
"deadline dồn vào một tuần khiến em hoang mang thật sự với tốc độ giảng bài.","NEGATIVE"
"Em hoang mang thật sự thật sự – tốc độ giảng bài khó quá mà không có đủ tài liệu.","NEGATIVE"
"Em hứng thú hẳn lên lắm – thầy cô hỗ trợ nhiệt tình giúp em nhiều.","POSITIVE"
"Nhờ được hướng dẫn chi tiết hơn, em thấy có động lực hơn hẳn với yêu cầu môn học hơn rồi.","POSITIVE"
"Em đang ở mức trung bình với bài kiểm tra giữa kỳ, khá ổn.","NEUTRAL"
"Kỳ này bài thực hành làm em hứng thú hẳn lên, em học vào hơn nhiều.","POSITIVE"
"Không theo kịp yêu cầu môn học làm em rất áp lực nhiều ngày nay.","NEGATIVE"
"Em thấy mệt mỏi ghê – nội dung khó và nhóm không làm việc được với nhau cộng lại quá sức.","NEGATIVE"
"Em thấy căng thẳng nhẹ với việc học nhóm, không hơn không kém.","NEUTRAL"
"Em nản lắm rồi khi học cách dạy – áp lực từ nhiều môn cùng lúc.","NEGATIVE"
"Em thấy hiểu bài nhanh hơn ạ, việc học nhóm hợp với em hơn kỳ trước.","POSITIVE"
"không hiểu bài mà ngại hỏi nên cách dạy làm em kiệt sức liên tục.","NEGATIVE"
"Em đang ở mức trung bình với lịch học, khá ổn.","NEUTRAL"
"Em thấy ở mức trung bình với việc học nhóm, không hơn không kém.","NEUTRAL"
"áp lực từ nhiều môn cùng lúc khiến em rất áp lực với tốc độ giảng bài.","NEGATIVE"
"Em thấy căng thẳng nhẹ với nội dung tuần này, không hơn không kém.","NEUTRAL"
"Dạo này cách giải thích của thầy cô khiến em dễ tiếp thu hơn, có lẽ nhờ bài giảng được cải thiện nhiều.","POSITIVE"
"Em đang mất động lực vì bài kiểm tra giữa kỳ, stress lắm rồi.","NEGATIVE"
"Em tạm chấp nhận được với cách dạy, vẫn đang cố làm quen.","NEUTRAL"
"Em thấy kiệt sức – deadline bài tập và bài nhiều mà thời gian không đủ cộng lại quá sức.","NEGATIVE"
"Em thấy tự tin hơn trước nhiều khi học lịch học, thầy/cô giải thích dễ hiểu lắm.","POSITIVE"
"Mỗi lần đụng tới bài kiểm tra giữa kỳ là em lại mất động lực.","NEGATIVE"
"Em bị quá tải thật sự, không biết ưu tiên cái gì nữa.","NEGATIVE"
"Tuy không theo kịp nhưng em vẫn nắm được ý chính.","NEUTRAL"
"Em khó theo kịp khi học lịch học dày – cách dạy hơi khó theo.","NEGATIVE"
"Thật ra em không muốn nói nhưng kỳ thi cuối kỳ đang làm em nản lắm rồi.","NEGATIVE"
"Em thấy hài lòng ghê khi học bài thực hành, thầy/cô giải thích dễ hiểu lắm.","POSITIVE"
"Em đang cảm thấy đuối sức, theo không kịp tiến độ.","NEGATIVE"
"Em không quá dễ với các yêu cầu môn học, vẫn đang cố làm quen.","NEUTRAL"
"Em không thở được khi học cách dạy – áp lực từ nhiều môn cùng lúc.","NEGATIVE"
"Em thấy nản lắm rồi – deadline bài tập và deadline dồn vào một tuần cộng lại quá sức.","NEGATIVE"
"Em đang ở mức trung bình với nội dung tuần này, căng thẳng nhẹ.","NEUTRAL"
"Tuy quá tải thật sự nhưng em vẫn vẫn học ổn.","NEUTRAL"
"cách dạy hơi khó theo khiến em hoang mang thật sự với bài kiểm tra giữa kỳ.","NEGATIVE"
"Em chill hơn hẳn lắm – bài giảng được cải thiện nhiều giúp em nhiều.","POSITIVE"
"Em ổn áp lắm – bạn nhóm hợp tác tốt giúp em nhiều.","POSITIVE"
"các yêu cầu môn học theo kịp được, không phải vấn đề lớn.","NEUTRAL"
"Em thấy rất áp lực – cách chấm điểm và deadline dồn vào một tuần cộng lại quá sức.","NEGATIVE"
"Em đang ở mức trung bình với bài giảng, ổn định.","NEUTRAL"
"Em dễ nản khi học tiến độ học kỳ – bài nhiều mà thời gian không đủ.","NEGATIVE"
"Nhìn lại thì tốc độ giảng bài không tệ chút nào, em cảm thấy ổn áp.","POSITIVE"
"em đang thiếu ngủ ghê nên khối lượng kiến thức làm em khó theo kịp liên tục.","NEGATIVE"
"Em thấy khó theo kịp vì bài tập nhóm tiến độ quá nhanh.","NEGATIVE"
"bài giảng bình thường, em học được nhưng cần thêm thời gian.","NEUTRAL"
"Em vừa phải với việc học nhóm, vẫn đang cố làm quen.","NEUTRAL"
"Tuy đuối sức nhưng em vẫn theo kịp bài.","NEUTRAL"
"Em muốn bỏ cuộc khi học cách dạy – nhóm không làm việc được với nhau.","NEGATIVE"
"cách dạy hơi khó theo nên tiến độ học kỳ làm em đầu óc quay tít liên tục.","NEGATIVE"
"Em thấy khó theo kịp – cách dạy và không hiểu bài mà ngại hỏi cộng lại quá sức.","NEGATIVE"
"Dạo này tiến độ học kỳ khiến em mệt mỏi ghê, nhóm không làm việc được với nhau.","NEGATIVE"
"cách tổ chức môn hợp lý nên em thấy vui vì hiểu ra rồi khi học yêu cầu môn học.","POSITIVE"
"Em học được nhưng chưa thực sự hứng thú lắm.","NEUTRAL"
"Em đang ở mức trung bình với cách dạy, hơi rối.","NEUTRAL"
"bài tập quá nhiều so với thời gian khiến em không tập trung được với tốc độ giảng bài.","NEGATIVE"
"Em nản lắm rồi khi học khối lượng kiến thức – không có tài liệu rõ ràng.","NEGATIVE"
"thầy cô hỗ trợ nhiệt tình nên em thấy ổn áp khi học bài kiểm tra giữa kỳ.","POSITIVE"
"Em vẫn theo kịp bài giảng, nhưng cần đọc thêm ngoài giờ.","NEUTRAL"
"nhóm không làm việc được với nhau khiến em muốn bỏ cuộc với deadline bài tập.","NEGATIVE"
"Dạo này tốc độ giảng bài khiến em đuối sức, cách dạy hơi khó theo.","NEGATIVE"
"học tốt nhưng thực tế em lại kiệt sức.","NEGATIVE"
"Em yên tâm hơn nhiều lắm – bài giảng được cải thiện nhiều giúp em nhiều.","POSITIVE"
"Em thấy khá ổn với bài giảng, không hơn không kém.","NEUTRAL"
"không hiểu bài mà ngại hỏi nên lịch học dày làm em không thở được liên tục.","NEGATIVE"
"Em thấy tiến bộ rõ so với đầu kỳ.","POSITIVE"
"Tuy kiệt sức nhưng em vẫn làm được bài tập.","NEUTRAL"
"Học các yêu cầu môn học ổn, nhưng em chưa có cảm hứng gì đặc biệt.","NEUTRAL"
"nhóm không làm việc được với nhau khiến em mệt mỏi ghê với bài thực hành.","NEGATIVE"
"deadline bài tập theo kịp được, không phải vấn đề lớn.","NEUTRAL"
"Dạo này khối lượng kiến thức khiến em rất thoải mái, có lẽ nhờ môi trường lớp tích cực.","POSITIVE"
"Dạo này sự tương tác trong lớp khiến em vui vì hiểu ra rồi, có lẽ nhờ môi trường lớp tích cực.","POSITIVE"
"Nhờ cách tổ chức môn hợp lý, em thấy hiểu bài nhanh hơn với bài thực hành hơn rồi.","POSITIVE"
"Dạo này sự tương tác trong lớp khiến em tự tin hơn trước nhiều, có lẽ nhờ được hướng dẫn chi tiết hơn.","POSITIVE"
"Em yên tâm hơn nhiều khi tiếp cận bài giảng, cảm giác rất khác so với trước.","POSITIVE"
"bài giảng được cải thiện nhiều nên em thấy thấy tiến bộ rõ khi học yêu cầu môn học.","POSITIVE"
"Cô giải thích rõ ràng, em hiểu bài nhanh hơn nhiều.","POSITIVE"
"áp lực từ nhiều môn cùng lúc khiến em rất áp lực với bài tập nhóm.","NEGATIVE"
"Kỳ này tài liệu học tập làm em thấy tiến bộ rõ, em học vào hơn nhiều.","POSITIVE"
"tài liệu rõ ràng hơn nên em thấy hứng thú hẳn lên khi học cách chấm điểm.","POSITIVE"
"Dạo này lịch học dày khiến em bị quá tải, không hiểu bài mà ngại hỏi.","NEGATIVE"
"Em thấy dễ nản – bài thực hành và bài tập quá nhiều so với thời gian cộng lại quá sức.","NEGATIVE"
"Dạo này tốc độ giảng bài khiến em tự tin hơn trước nhiều, có lẽ nhờ tài liệu rõ ràng hơn.","POSITIVE"
"Nhìn chung các yêu cầu môn học ổn, chưa cần can thiệp gì.","NEUTRAL"
"Em thấy không tập trung được vì kỳ thi cuối kỳ tiến độ quá nhanh.","NEGATIVE"
"Hơi mất động lực nhưng em vẫn theo kịp bài.","NEUTRAL"
"Feedback của cô rất cụ thể, em biết cần sửa chỗ nào.","POSITIVE"
"Dạo này bài tập nhóm khiến em bị quá tải, cách dạy hơi khó theo.","NEGATIVE"
"Nhờ thầy cô hỗ trợ nhiệt tình, em thấy nhẹ đầu hơn nhiều với bài giảng hơn rồi.","POSITIVE"
"Em thấy căng thẳng nhẹ với các yêu cầu môn học, không hơn không kém.","NEUTRAL"
"Em đầu óc quay tít thật sự – bài kiểm tra giữa kỳ khó quá mà không có đủ tài liệu.","NEGATIVE"
"Tuy không theo kịp nhưng em vẫn vẫn học ổn.","NEUTRAL"
"Em thấy đầu óc quay tít – bài kiểm tra giữa kỳ và bài nhiều mà thời gian không đủ cộng lại quá sức.","NEGATIVE"
"Dạo này deadline bài tập khiến em nhẹ đầu hơn nhiều, có lẽ nhờ được hướng dẫn chi tiết hơn.","POSITIVE"
"Học bài thực hành xong em thấy dễ tiếp thu hơn, hiểu ra nhiều thứ hơn.","POSITIVE"
"được hướng dẫn chi tiết hơn nên em thấy tự tin hơn trước nhiều khi học tài liệu học tập.","POSITIVE"
"Dạo này lịch học dày khiến em không thở được, không hiểu bài mà ngại hỏi.","NEGATIVE"
"Em thấy mệt mỏi ghê – lịch học dày và cách dạy hơi khó theo cộng lại quá sức.","NEGATIVE"
"Nhờ cách tổ chức môn hợp lý, em thấy khá tự tin với sự tương tác trong lớp hơn rồi.","POSITIVE"
"không có tài liệu rõ ràng khiến em hoang mang thật sự với tài liệu thiếu.","NEGATIVE"
"Em bị quá tải khi học tiến độ học kỳ – bài tập quá nhiều so với thời gian.","NEGATIVE"
"deadline bài tập đang làm em rất áp lực, không biết hỏi ai.","NEGATIVE"
"Hơi không theo kịp nhưng em vẫn nắm được ý chính.","NEUTRAL"
"cách dạy hơi khó theo nên kỳ thi cuối kỳ làm em khó theo kịp liên tục.","NEGATIVE"
"Dù lịch học dày nhưng em vẫn hiểu được nội dung được.","POSITIVE"
"Em thấy ở mức trung bình với deadline bài tập, không hơn không kém.","NEUTRAL"
"Em thấy hơi rối với các yêu cầu môn học, không hơn không kém.","NEUTRAL"
"Mặc dù kiệt sức nhưng em vẫn làm được bài tập.","NEUTRAL"
"hiểu bài nhưng thực tế em lại không theo kịp.","NEGATIVE"
"tài liệu rõ ràng hơn nên em thấy dễ tiếp thu hơn khi học việc học nhóm.","POSITIVE"
"Em vui vì hiểu ra rồi lắm – cách tổ chức môn hợp lý giúp em nhiều.","POSITIVE"
"em chủ động hỏi thêm nên em thấy vui vì hiểu ra rồi khi học deadline bài tập.","POSITIVE"
"Nhờ bạn nhóm hợp tác tốt, em thấy thấy tiến bộ rõ với feedback từ giảng viên hơn rồi.","POSITIVE"
"Học bài giảng ổn, nhưng em chưa có cảm hứng gì đặc biệt.","NEUTRAL"
"bài tập quá nhiều so với thời gian khiến em stress liên tục với bài tập nhóm.","NEGATIVE"
"Dù bài hơi khó nhưng em vẫn làm được bài tập được.","POSITIVE"
"môi trường lớp tích cực nên em thấy hiểu bài nhanh hơn khi học tốc độ giảng bài.","POSITIVE"
"Em thấy không thích không ghét với deadline bài tập, không hơn không kém.","NEUTRAL"
"Em rất thoải mái lắm – em chủ động hỏi thêm giúp em nhiều.","POSITIVE"
"Mỗi lần đụng tới lịch học dày là em lại kiệt sức.","NEGATIVE"
"Học deadline bài tập xong em thấy thấy tiến bộ rõ, hiểu ra nhiều thứ hơn.","POSITIVE"
"Em rất áp lực thật sự – kỳ thi cuối kỳ khó quá mà không có đủ tài liệu.","NEGATIVE"
"Em thấy ở mức trung bình với bài tập, không hơn không kém.","NEUTRAL"
"khối lượng kiến thức bình thường, em học được nhưng cần thêm thời gian.","NEUTRAL"
"Em thấy đầu óc quay tít – cách chấm điểm và deadline dồn vào một tuần cộng lại quá sức.","NEGATIVE"
"Em thấy vui vì hiểu ra rồi ạ, việc học nhóm hợp với em hơn kỳ trước.","POSITIVE"
"Mỗi lần đụng tới bài tập nhóm là em lại nản lắm rồi.","NEGATIVE"
"Dạo này lịch học khiến em khá tự tin, có lẽ nhờ bạn nhóm hợp tác tốt.","POSITIVE"
"Học deadline bài tập xong em thấy khá tự tin, hiểu ra nhiều thứ hơn.","POSITIVE"
"Dạo này bài giảng khiến em nhẹ đầu hơn nhiều, có lẽ nhờ môi trường lớp tích cực.","POSITIVE"
"Em hài lòng ghê lắm – tài liệu rõ ràng hơn giúp em nhiều.","POSITIVE"
"Tưởng sẽ hiểu bài nhưng cuối cùng lại quá tải thật sự.","NEGATIVE"
"Tình trạng hiện tại của em là học được thôi, chưa có chuyện gì.","NEUTRAL"
"Em hoang mang thật sự khi học cách chấm điểm – không hiểu bài mà ngại hỏi.","NEGATIVE"
"Cũng ổn thôi, việc học nhóm vừa sức với em.","NEUTRAL"
"Gần đây cách giải thích của thầy cô không còn là nỗi lo nữa, em thấy hiểu bài nhanh hơn.","POSITIVE"
"bài hơi khó nhưng em vẫn nắm được ý chính tốt.","POSITIVE"
"Tạm chấp nhận được, việc học nhóm không phải điểm em lo nhất.","NEUTRAL"
"Em đang ở mức trung bình với khối lượng kiến thức, ở mức trung bình.","NEUTRAL"
"Em hoang mang thật sự khi học deadline bài tập – không có tài liệu rõ ràng.","NEGATIVE"
"Em không tập trung được khi học bài kiểm tra giữa kỳ – em đang thiếu ngủ ghê.","NEGATIVE"
"cách dạy không quá khó nhưng cũng chưa gây hứng thú cho em.","NEUTRAL"
"Em ổn định với lịch học, vẫn đang cố làm quen.","NEUTRAL"
"Nhìn lại thì feedback từ giảng viên không tệ chút nào, em cảm thấy có động lực hơn hẳn.","POSITIVE"
"Dạo này lịch học dày khiến em kiệt sức, áp lực từ nhiều môn cùng lúc.","NEGATIVE"
"Bài hơi khó nhưng em vẫn xử lý được.","NEUTRAL"
"Em thấy hơi mệt với việc học nhóm, không hơn không kém.","NEUTRAL"
"áp lực từ nhiều môn cùng lúc khiến em không thở được với tài liệu thiếu.","NEGATIVE"
"Em học lịch học được nhưng chưa thấy gì đặc biệt.","NEUTRAL"
"bài nhiều mà thời gian không đủ nên yêu cầu môn học làm em bị quá tải liên tục.","NEGATIVE"
"em chủ động hỏi thêm nên em thấy rất thoải mái khi học hoạt động nhóm.","POSITIVE"
"Em đang nản lắm rồi vì yêu cầu môn học, stress lắm rồi.","NEGATIVE"
"Em thấy có động lực hơn hẳn khi học lịch học, thầy/cô giải thích dễ hiểu lắm.","POSITIVE"
"không hiểu bài mà ngại hỏi khiến em đầu óc quay tít với khối lượng kiến thức.","NEGATIVE"
"Dạo này bài thực hành khiến em chill hơn hẳn, có lẽ nhờ bạn nhóm hợp tác tốt.","POSITIVE"
"Em thấy hơi mệt với cách dạy, không hơn không kém.","NEUTRAL"
"Hơi đuối sức nhưng em vẫn vẫn học ổn.","NEUTRAL"
"Em hoang mang thật sự khi học deadline bài tập – deadline dồn vào một tuần.","NEGATIVE"
"Kỳ này khối lượng kiến thức làm em yên tâm hơn nhiều, em học vào hơn nhiều.","POSITIVE"
"Em muốn bỏ cuộc khi học bài thực hành – không có tài liệu rõ ràng.","NEGATIVE"
"nhóm không làm việc được với nhau nên cách dạy làm em hoang mang thật sự liên tục.","NEGATIVE"
"Nhờ em chủ động hỏi thêm, em thấy chill hơn hẳn với hoạt động nhóm hơn rồi.","POSITIVE"
"Dạo này tiến độ học kỳ khiến em dễ nản, tiến độ học quá nhanh.","NEGATIVE"
"Em đang ở mức trung bình với khối lượng kiến thức, căng thẳng nhẹ.","NEUTRAL"
"cách dạy hơi khó theo nên bài thực hành làm em kiệt sức liên tục.","NEGATIVE"
"Môn này không phải sở thích của em nhưng em vẫn cố học.","NEUTRAL"
"Tình trạng hiện tại của em là căng thẳng nhẹ thôi, chưa có chuyện gì.","NEUTRAL"
"Em căng thẳng nhẹ với tốc độ giảng bài, vẫn đang cố làm quen.","NEUTRAL"
"không hiểu bài mà ngại hỏi khiến em nản lắm rồi với lịch học dày.","NEGATIVE"
"bài nhiều mà thời gian không đủ nên kỳ thi cuối kỳ làm em hoang mang thật sự liên tục.","NEGATIVE"
"Em vui vì hiểu ra rồi lắm – bạn nhóm hợp tác tốt giúp em nhiều.","POSITIVE"
"Em khá tự tin lắm – bài giảng được cải thiện nhiều giúp em nhiều.","POSITIVE"
"em đang thiếu ngủ ghê nên deadline bài tập làm em nản lắm rồi liên tục.","NEGATIVE"
"Mặc dù stress nặng nhưng em vẫn hiểu được nội dung.","NEUTRAL"
"Em thấy có động lực hơn hẳn ạ, tài liệu học tập hợp với em hơn kỳ trước.","POSITIVE"
"Em muốn bỏ cuộc khi học kỳ thi cuối kỳ – nhóm không làm việc được với nhau.","NEGATIVE"
"Không theo kịp tốc độ giảng bài làm em mệt mỏi ghê nhiều ngày nay.","NEGATIVE"
"Dù lịch học dày nhưng em vẫn theo kịp bài được.","POSITIVE"
"tiến độ học kỳ làm em mất động lực, em không biết mình còn theo được không.","NEGATIVE"
"Em không thoải mái lắm với bài giảng, vẫn đang cố làm quen.","NEUTRAL"
"Mỗi lần đụng tới cách dạy là em lại không thở được.","NEGATIVE"
"Em mất động lực khi học tiến độ học kỳ – nhóm không làm việc được với nhau.","NEGATIVE"
"Nhờ cách tổ chức môn hợp lý, em thấy yên tâm hơn nhiều với cách giải thích của thầy cô hơn rồi.","POSITIVE"
"Dạo này feedback từ giảng viên khiến em rất thoải mái, có lẽ nhờ tài liệu rõ ràng hơn.","POSITIVE"
"Tưởng sẽ hiểu bài nhưng cuối cùng lại stress nặng.","NEGATIVE"
"Em nhẹ đầu hơn nhiều lắm – môi trường lớp tích cực giúp em nhiều.","POSITIVE"
"Em thấy mất động lực vì lịch học dày tiến độ quá nhanh.","NEGATIVE"
"Nhờ được hướng dẫn chi tiết hơn, em thấy yên tâm hơn nhiều với cách chấm điểm hơn rồi.","POSITIVE"
"không hiểu bài mà ngại hỏi khiến em hoang mang thật sự với cách chấm điểm.","NEGATIVE"
"không có tài liệu rõ ràng khiến em kiệt sức với tốc độ giảng bài.","NEGATIVE"
"Em có động lực hơn hẳn lắm – được hướng dẫn chi tiết hơn giúp em nhiều.","POSITIVE"
"Dạo này cách chấm điểm khiến em đầu óc quay tít, em đang thiếu ngủ ghê.","NEGATIVE"
"Em thấy không thích không ghét với các yêu cầu môn học, không hơn không kém.","NEUTRAL"
"hiểu bài nhưng thực tế em lại mất động lực.","NEGATIVE"
"Tưởng sẽ ổn định nhưng cuối cùng lại đuối sức.","NEGATIVE"
"Tuy kiệt sức nhưng em vẫn nắm được ý chính.","NEUTRAL"
"Dù lịch học dày nhưng em vẫn vẫn học ổn được.","POSITIVE"
"Mỗi lần tới môn này là em thấy nặng nề hẳn.","NEGATIVE"
"Em không quá dễ với nội dung tuần này, vẫn đang cố làm quen.","NEUTRAL"
"bài giảng không quá khó nhưng cũng chưa gây hứng thú cho em.","NEUTRAL"
"deadline dồn vào một tuần nên kỳ thi cuối kỳ làm em dễ nản liên tục.","NEGATIVE"
"Mặc dù quá tải thật sự nhưng em vẫn theo kịp bài.","NEUTRAL"
"Em thấy bị quá tải – nội dung khó và không có tài liệu rõ ràng cộng lại quá sức.","NEGATIVE"
"Em cảm thấy tự tin hơn sau buổi ôn tập.","POSITIVE"
"không hiểu bài mà ngại hỏi nên cách dạy làm em đầu óc quay tít liên tục.","NEGATIVE"
"Dạo này bài giảng khiến em vui vì hiểu ra rồi, có lẽ nhờ em chủ động hỏi thêm.","POSITIVE"
"Em thấy stress liên tục – lịch học dày và nhóm không làm việc được với nhau cộng lại quá sức.","NEGATIVE"
"Em hứng thú hẳn lên lắm – bạn nhóm hợp tác tốt giúp em nhiều.","POSITIVE"
"Nhìn lại thì cách giải thích của thầy cô không tệ chút nào, em cảm thấy dễ tiếp thu hơn.","POSITIVE"
"Em vẫn theo kịp tài liệu, nhưng cần đọc thêm ngoài giờ.","NEUTRAL"
"Em không quá khó với các yêu cầu môn học, vẫn đang cố làm quen.","NEUTRAL"
"Tạm chấp nhận được, bài kiểm tra giữa kỳ không phải điểm em lo nhất.","NEUTRAL"
"Học yêu cầu môn học xong em thấy khá tự tin, hiểu ra nhiều thứ hơn.","POSITIVE"
"Nhờ môi trường lớp tích cực, em thấy thấy tiến bộ rõ với khối lượng kiến thức hơn rồi.","POSITIVE"
"Hơi stress nặng nhưng em vẫn vẫn học ổn.","NEUTRAL"
"tốc độ giảng bài bình thường, em học được nhưng cần thêm thời gian.","NEUTRAL"
"tiến độ học quá nhanh khiến em rất áp lực với kỳ thi cuối kỳ.","NEGATIVE"
"các yêu cầu môn học bình thường, em học được nhưng cần thêm thời gian.","NEUTRAL"
"bài nhiều mà thời gian không đủ khiến em nản lắm rồi với bài tập nhóm.","NEGATIVE"
"Nhờ bạn nhóm hợp tác tốt, em thấy ổn áp với cách chấm điểm hơn rồi.","POSITIVE"
"Nhờ tài liệu rõ ràng hơn, em thấy nhẹ đầu hơn nhiều với cách giải thích của thầy cô hơn rồi.","POSITIVE"
"Em không thích không ghét với nội dung tuần này, vẫn đang cố làm quen.","NEUTRAL"
"cách tổ chức môn hợp lý nên em thấy rất thoải mái khi học yêu cầu môn học.","POSITIVE"
"Bài giảng tuần này dễ hiểu hơn hẳn tuần trước.","POSITIVE"
"Dạo này tốc độ giảng bài khiến em stress liên tục, bài tập quá nhiều so với thời gian.","NEGATIVE"
"Em thấy không có gì nổi bật – không có gì đáng lo nhưng cũng chưa thích lắm.","NEUTRAL"
"Em thấy chán, học mãi mà không thấy hiểu thêm được gì.","NEGATIVE"
"tài liệu không quá khó nhưng cũng chưa gây hứng thú cho em.","NEUTRAL"
"nhóm không làm việc được với nhau khiến em không tập trung được với bài thực hành.","NEGATIVE"
"nhóm không làm việc được với nhau nên deadline bài tập làm em đầu óc quay tít liên tục.","NEGATIVE"
"Dạo này sự tương tác trong lớp khiến em yên tâm hơn nhiều, có lẽ nhờ được hướng dẫn chi tiết hơn.","POSITIVE"
"Em thích được học theo nhóm nhỏ hơn, trao đổi được nhiều hơn.","POSITIVE"
"Nhờ em chủ động hỏi thêm, em thấy dễ tiếp thu hơn với cách giải thích của thầy cô hơn rồi.","POSITIVE"
"bài giảng được cải thiện nhiều nên em thấy tự tin hơn trước nhiều khi học khối lượng kiến thức.","POSITIVE"
"Thật ra deadline bài tập cũng thú vị, em thấy rất thoải mái khi làm quen rồi.","POSITIVE"
"Học lịch học xong em thấy dễ tiếp thu hơn, hiểu ra nhiều thứ hơn.","POSITIVE"
"Dạo này bài tập nhóm khiến em muốn bỏ cuộc, nhóm không làm việc được với nhau.","NEGATIVE"
"tốc độ giảng bài làm em mệt mỏi ghê, em không biết mình còn theo được không.","NEGATIVE"
"Em stress liên tục khi học kỳ thi cuối kỳ – nhóm không làm việc được với nhau.","NEGATIVE"
"Mặc dù stress nặng nhưng em vẫn nắm được ý chính.","NEUTRAL"
"Dạo này bài tập nhóm khiến em dễ nản, không có tài liệu rõ ràng.","NEGATIVE"
"Em thấy không tập trung được – bài kiểm tra giữa kỳ và em đang thiếu ngủ ghê cộng lại quá sức.","NEGATIVE"
"nhóm không làm việc được với nhau khiến em hoang mang thật sự với kỳ thi cuối kỳ.","NEGATIVE"
"Mặc dù kiệt sức nhưng em vẫn theo kịp bài.","NEUTRAL"
"Em thấy vui vì hiểu ra rồi khi học cách giải thích của thầy cô, thầy/cô giải thích dễ hiểu lắm.","POSITIVE"
"Em thấy muốn bỏ cuộc vì nội dung khó tiến độ quá nhanh.","NEGATIVE"
"Cứ nghĩ deadline bài tập sẽ khó, nhưng em lại thấy yên tâm hơn nhiều.","POSITIVE"
"cách dạy hơi khó theo nên cách dạy làm em kiệt sức liên tục.","NEGATIVE"
"Em thấy tiến bộ rõ lắm – bạn nhóm hợp tác tốt giúp em nhiều.","POSITIVE"
"Dạo này tốc độ giảng bài khiến em có động lực hơn hẳn, có lẽ nhờ thầy cô hỗ trợ nhiệt tình.","POSITIVE"
"Dạo này feedback từ giảng viên khiến em yên tâm hơn nhiều, có lẽ nhờ bài giảng được cải thiện nhiều.","POSITIVE"
"Nhờ môi trường lớp tích cực, em thấy có động lực hơn hẳn với tài liệu học tập hơn rồi.","POSITIVE"
"Em hoang mang thật sự khi học bài thực hành – bài nhiều mà thời gian không đủ.","NEGATIVE"
"Dạo này tốc độ giảng bài khiến em nản lắm rồi, không hiểu bài mà ngại hỏi.","NEGATIVE"
"Nói chung em hài lòng với cách học kỳ này.","POSITIVE"
"Em thấy tạm chấp nhận được với tài liệu, không hơn không kém.","NEUTRAL"
"Dạo này khối lượng kiến thức khiến em chill hơn hẳn, có lẽ nhờ tài liệu rõ ràng hơn.","POSITIVE"
"Em thấy không quá khó – không có gì đáng lo nhưng cũng chưa thích lắm.","NEUTRAL"
"Dạo này bài tập nhóm khiến em dễ nản, không hiểu bài mà ngại hỏi.","NEGATIVE"
"Dạo này hoạt động nhóm khiến em hiểu bài nhanh hơn, có lẽ nhờ môi trường lớp tích cực.","POSITIVE"
"áp lực từ nhiều môn cùng lúc nên bài tập nhóm làm em dễ nản liên tục.","NEGATIVE"
"deadline bài tập không quá khó nhưng cũng chưa gây hứng thú cho em.","NEUTRAL"
"Em thấy bị quá tải – cách dạy và cách dạy hơi khó theo cộng lại quá sức.","NEGATIVE"
"Dạo này cách chấm điểm khiến em yên tâm hơn nhiều, có lẽ nhờ tài liệu rõ ràng hơn.","POSITIVE"
"Nhìn chung tài liệu ổn, chưa cần can thiệp gì.","NEUTRAL"
"Dạo này deadline bài tập khiến em có động lực hơn hẳn, có lẽ nhờ em chủ động hỏi thêm.","POSITIVE"
"Nhìn chung tốc độ giảng bài ổn, chưa cần can thiệp gì.","NEUTRAL"
"bạn nhóm hợp tác tốt nên em thấy nhẹ đầu hơn nhiều khi học yêu cầu môn học.","POSITIVE"
"Em thấy không quá dễ với bài kiểm tra giữa kỳ, không hơn không kém.","NEUTRAL"
"hiểu bài nhưng thực tế em lại kiệt sức.","NEGATIVE"
"ổn định nhưng thực tế em lại stress nặng.","NEGATIVE"
"Dạo này tài liệu học tập khiến em dễ tiếp thu hơn, có lẽ nhờ môi trường lớp tích cực.","POSITIVE"
"Nhờ môi trường lớp tích cực, em thấy chill hơn hẳn với hoạt động nhóm hơn rồi.","POSITIVE"
"Em thấy dễ tiếp thu hơn ạ, sự tương tác trong lớp hợp với em hơn kỳ trước.","POSITIVE"
"lịch học thật ra không khó như em nghĩ, em thấy hài lòng ghê.","POSITIVE"
"Nói chung thì ổn ạ.","NEUTRAL"
"Em thấy không có gì nổi bật với bài tập, không hơn không kém.","NEUTRAL"
"Em thấy bị quá tải vì kỳ thi cuối kỳ tiến độ quá nhanh.","NEGATIVE"
"Em thích cái cách thầy kết nối lý thuyết với thực tế.","POSITIVE"
"Tuy mất động lực nhưng em vẫn nắm được ý chính.","NEUTRAL"
"Dạo này yêu cầu môn học khiến em kiệt sức, không có tài liệu rõ ràng.","NEGATIVE"
"Nhờ em chủ động hỏi thêm, em thấy hứng thú hẳn lên với deadline bài tập hơn rồi.","POSITIVE"
"Em không theo kịp và không biết hỏi ai.","NEGATIVE"
"Dạo này việc học nhóm khiến em khá tự tin, có lẽ nhờ cách tổ chức môn hợp lý.","POSITIVE"
"Em vẫn theo kịp bài tập, nhưng cần đọc thêm ngoài giờ.","NEUTRAL"
"Em thấy ổn định với bài giảng, không hơn không kém.","NEUTRAL"
"Em không thở được khi học cách dạy – nhóm không làm việc được với nhau.","NEGATIVE"
"Em thấy đuối sức – lịch học dày và nhóm không làm việc được với nhau cộng lại quá sức.","NEGATIVE"
"Em thấy chưa có cảm xúc gì mạnh với tốc độ giảng bài, không hơn không kém.","NEUTRAL"
"Em vẫn theo kịp, dù có một số phần hơi mơ hồ.","NEUTRAL"
"Cũng ổn thôi, bài tập vừa sức với em.","NEUTRAL"
"Em thấy ổn áp khi học tài liệu học tập, thầy/cô giải thích dễ hiểu lắm.","POSITIVE"
"việc học nhóm bình thường, em học được nhưng cần thêm thời gian.","NEUTRAL"
"Tình trạng hiện tại của em là khá ổn thôi, chưa có chuyện gì.","NEUTRAL"
"Em yên tâm hơn nhiều lắm – tài liệu rõ ràng hơn giúp em nhiều.","POSITIVE"
"Học deadline bài tập ổn, nhưng em chưa có cảm hứng gì đặc biệt.","NEUTRAL"
"Em rất áp lực khi học nội dung khó – em đang thiếu ngủ ghê.","NEGATIVE"
"Em thấy căng thẳng nhẹ – không có gì đáng lo nhưng cũng chưa thích lắm.","NEUTRAL"
"Học khối lượng kiến thức ổn, nhưng em chưa có cảm hứng gì đặc biệt.","NEUTRAL"
"Dạo này khối lượng kiến thức khiến em đuối sức, không có tài liệu rõ ràng.","NEGATIVE"
"Lớp học thoải mái, em dám phát biểu hơn.","POSITIVE"
"bạn nhóm hợp tác tốt nên em thấy khá tự tin khi học tài liệu học tập.","POSITIVE"
"nhóm không làm việc được với nhau nên bài thực hành làm em hoang mang thật sự liên tục.","NEGATIVE"
"Dạo này bài thực hành khiến em nản lắm rồi, deadline dồn vào một tuần.","NEGATIVE"
"ổn định nhưng thực tế em lại quá tải thật sự.","NEGATIVE"
"không hiểu bài mà ngại hỏi khiến em không tập trung được với deadline bài tập.","NEGATIVE"
"không hiểu bài mà ngại hỏi nên deadline bài tập làm em đầu óc quay tít liên tục.","NEGATIVE"
"bài giảng theo kịp được, không phải vấn đề lớn.","NEUTRAL"
"Không hiểu bài, hỏi thì ngại, cứ thế ngồi ngẩn.","NEGATIVE"
"Nhờ bạn nhóm hợp tác tốt, em thấy hài lòng ghê với sự tương tác trong lớp hơn rồi.","POSITIVE"
"Em khó theo kịp thật sự – deadline bài tập khó quá mà không có đủ tài liệu.","NEGATIVE"
"Dù tiến độ nhanh nhưng em vẫn hiểu được nội dung được.","POSITIVE"
"Dạo này bài tập nhóm khiến em không thở được, deadline dồn vào một tuần.","NEGATIVE"
"Em thấy không quá dễ – không có gì đáng lo nhưng cũng chưa thích lắm.","NEUTRAL"
"Cũng ổn thôi, deadline bài tập vừa sức với em.","NEUTRAL"
"Học tốc độ giảng bài ổn, nhưng em chưa có cảm hứng gì đặc biệt.","NEUTRAL"
"Gần đây cách giải thích của thầy cô không còn là nỗi lo nữa, em thấy dễ tiếp thu hơn.","POSITIVE"
"môi trường lớp tích cực nên em thấy khá tự tin khi học hoạt động nhóm.","POSITIVE"
"Dạo này deadline bài tập khiến em rất thoải mái, có lẽ nhờ bạn nhóm hợp tác tốt.","POSITIVE"
"Dạo này cách chấm điểm khiến em bị quá tải, tiến độ học quá nhanh.","NEGATIVE"
"Dạo này bài giảng khiến em hài lòng ghê, có lẽ nhờ em chủ động hỏi thêm.","POSITIVE"
"Em hoang mang thật sự khi học nội dung khó – deadline dồn vào một tuần.","NEGATIVE"
"Dạo này cách chấm điểm khiến em vui vì hiểu ra rồi, có lẽ nhờ em chủ động hỏi thêm.","POSITIVE"
"Dạo này tiến độ học kỳ khiến em đầu óc quay tít, bài nhiều mà thời gian không đủ.","NEGATIVE"
"em đang thiếu ngủ ghê khiến em đầu óc quay tít với tài liệu thiếu.","NEGATIVE"
"Em hơi mệt với cách dạy, vẫn đang cố làm quen.","NEUTRAL"
"Em vẫn theo kịp lịch học, nhưng cần đọc thêm ngoài giờ.","NEUTRAL"
"Cứ tới bài thực hành là em lại thấy dễ nản, nản lắm.","NEGATIVE"
"Thật ra feedback từ giảng viên cũng thú vị, em thấy khá tự tin khi làm quen rồi.","POSITIVE"
"Tưởng sẽ ổn định nhưng cuối cùng lại mất động lực.","NEGATIVE"
"tài liệu rõ ràng hơn nên em thấy ổn áp khi học yêu cầu môn học.","POSITIVE"
"Em đang ở mức trung bình với deadline bài tập, khá áp lực.","NEUTRAL"
"Cứ tới kỳ thi cuối kỳ là em lại thấy đuối sức, nản lắm.","NEGATIVE"
"Em tự tin hơn trước nhiều lắm – môi trường lớp tích cực giúp em nhiều.","POSITIVE"
"Em khá tự tin lắm – thầy cô hỗ trợ nhiệt tình giúp em nhiều.","POSITIVE"
"Dạo này tài liệu thiếu khiến em hoang mang thật sự, bài tập quá nhiều so với thời gian.","NEGATIVE"
"Em đang ở mức trung bình với nội dung tuần này, khá ổn.","NEUTRAL"
"Dạo này bài thực hành khiến em mất động lực, tiến độ học quá nhanh.","NEGATIVE"
"Em thấy mất động lực – tài liệu thiếu và không hiểu bài mà ngại hỏi cộng lại quá sức.","NEGATIVE"
"môi trường lớp tích cực nên em thấy nhẹ đầu hơn nhiều khi học việc học nhóm.","POSITIVE"
"Dạo này cách chấm điểm khiến em stress liên tục, không có tài liệu rõ ràng.","NEGATIVE"
"Cũng ổn thôi, khối lượng kiến thức vừa sức với em.","NEUTRAL"
"Tuy kiệt sức nhưng em vẫn theo kịp bài.","NEUTRAL"
"Em kiệt sức khi học bài kiểm tra giữa kỳ – nhóm không làm việc được với nhau.","NEGATIVE"
"Nhờ bài giảng được cải thiện nhiều, em thấy dễ tiếp thu hơn với yêu cầu môn học hơn rồi.","POSITIVE"
"Tuy đuối sức nhưng em vẫn nắm được ý chính.","NEUTRAL"
"Em thấy tự tin hơn trước nhiều khi học feedback từ giảng viên, thầy/cô giải thích dễ hiểu lắm.","POSITIVE"
"deadline dồn vào một tuần nên khối lượng kiến thức làm em không tập trung được liên tục.","NEGATIVE"
"Em thấy học được với lịch học, không hơn không kém.","NEUTRAL"
"Em học bài kiểm tra giữa kỳ được nhưng chưa thấy gì đặc biệt.","NEUTRAL"
"Em mệt mỏi ghê khi học kỳ thi cuối kỳ – không hiểu bài mà ngại hỏi.","NEGATIVE"
"Thật ra em không muốn nói nhưng tài liệu thiếu đang làm em kiệt sức.","NEGATIVE"
"Dạo này tốc độ giảng bài khiến em mất động lực, không hiểu bài mà ngại hỏi.","NEGATIVE"
"Gần đây hoạt động nhóm không còn là nỗi lo nữa, em thấy thấy tiến bộ rõ.","POSITIVE"
"Em đang ở mức trung bình với tốc độ giảng bài, ở mức trung bình.","NEUTRAL"
"Cũng ổn thôi, tốc độ giảng bài vừa sức với em.","NEUTRAL"
"Nhìn chung deadline bài tập ổn, chưa cần can thiệp gì.","NEUTRAL"
"Nhờ được hướng dẫn chi tiết hơn, em thấy chill hơn hẳn với khối lượng kiến thức hơn rồi.","POSITIVE"
"theo kịp nhưng thực tế em lại đuối sức.","NEGATIVE"
"Em vừa phải với bài tập, vẫn đang cố làm quen.","NEUTRAL"
"Em thấy khá ổn với các yêu cầu môn học, không hơn không kém.","NEUTRAL"
"Em vẫn theo kịp tốc độ giảng bài, nhưng cần đọc thêm ngoài giờ.","NEUTRAL"
"bài giảng được cải thiện nhiều nên em thấy hiểu bài nhanh hơn khi học deadline bài tập.","POSITIVE"
"Nhờ bạn nhóm hợp tác tốt, em thấy tự tin hơn trước nhiều với tốc độ giảng bài hơn rồi.","POSITIVE"
"Dạo này tiến độ học kỳ khiến em dễ nản, nhóm không làm việc được với nhau.","NEGATIVE"
"Em thấy thấy tiến bộ rõ ạ, feedback từ giảng viên hợp với em hơn kỳ trước.","POSITIVE"
"Khối lượng bài vừa đủ, không nhàn quá mà cũng không nhiều quá.","NEUTRAL"
"lịch học dày nhưng em vẫn vẫn học ổn tốt.","POSITIVE"
"Em thấy hơi rối với deadline bài tập, không hơn không kém.","NEUTRAL"
"Deadline dồn hết vào một tuần, em không thở được.","NEGATIVE"
"việc học nhóm không quá khó nhưng cũng chưa gây hứng thú cho em.","NEUTRAL"
"học tốt nhưng thực tế em lại mất động lực.","NEGATIVE"
"Tình trạng hiện tại của em là hơi mệt thôi, chưa có chuyện gì.","NEUTRAL"
"Nhờ bạn nhóm hợp tác tốt, em thấy dễ tiếp thu hơn với cách giải thích của thầy cô hơn rồi.","POSITIVE"
"Dạo này bài thực hành khiến em bị quá tải, nhóm không làm việc được với nhau.","NEGATIVE"
"Em yên tâm hơn nhiều lắm – cách tổ chức môn hợp lý giúp em nhiều.","POSITIVE"
"Em mệt mỏi ghê thật sự – nội dung khó khó quá mà không có đủ tài liệu.","NEGATIVE"
"Em thấy ổn áp khi học tốc độ giảng bài, thầy/cô giải thích dễ hiểu lắm.","POSITIVE"
"Em hứng thú hẳn lên lắm – được hướng dẫn chi tiết hơn giúp em nhiều.","POSITIVE"
"Em đang ở mức trung bình với lịch học, không có gì nổi bật.","NEUTRAL"
"yêu cầu môn học đang làm em mất động lực, không biết hỏi ai.","NEGATIVE"
"Dạo này yêu cầu môn học khiến em khó theo kịp, nhóm không làm việc được với nhau.","NEGATIVE"
"Mặc dù không theo kịp nhưng em vẫn làm được bài tập.","NEUTRAL"
"Em thấy rất thoải mái khi học tài liệu học tập, thầy/cô giải thích dễ hiểu lắm.","POSITIVE"
"Em vẫn theo kịp khối lượng kiến thức, nhưng cần đọc thêm ngoài giờ.","NEUTRAL"
"deadline bài tập bình thường, em học được nhưng cần thêm thời gian.","NEUTRAL"
"Dạo này feedback từ giảng viên khiến em ổn áp, có lẽ nhờ môi trường lớp tích cực.","POSITIVE"
"Dạo này yêu cầu môn học khiến em vui vì hiểu ra rồi, có lẽ nhờ môi trường lớp tích cực.","POSITIVE"
"Nhờ bạn nhóm hợp tác tốt, em thấy hiểu bài nhanh hơn với bài giảng hơn rồi.","POSITIVE"
"khối lượng kiến thức thật ra không khó như em nghĩ, em thấy có động lực hơn hẳn.","POSITIVE"
"Em vẫn theo kịp việc học nhóm, nhưng cần đọc thêm ngoài giờ.","NEUTRAL"
"Cứ nghĩ bài giảng sẽ khó, nhưng em lại thấy yên tâm hơn nhiều.","POSITIVE"
"Dạo này tốc độ giảng bài khiến em thấy tiến bộ rõ, có lẽ nhờ thầy cô hỗ trợ nhiệt tình.","POSITIVE"
"Em đang ở mức trung bình với deadline bài tập, không có gì nổi bật.","NEUTRAL"
"Em học khối lượng kiến thức được nhưng chưa thấy gì đặc biệt.","NEUTRAL"
"Em thấy stress liên tục – tốc độ giảng bài và áp lực từ nhiều môn cùng lúc cộng lại quá sức.","NEGATIVE"
"Dạo này sự tương tác trong lớp khiến em tự tin hơn trước nhiều, có lẽ nhờ môi trường lớp tích cực.","POSITIVE"
"Em chill hơn hẳn lắm – môi trường lớp tích cực giúp em nhiều.","POSITIVE"
"cách tổ chức môn hợp lý nên em thấy yên tâm hơn nhiều khi học deadline bài tập.","POSITIVE"
"Em đang ở mức trung bình với việc học nhóm, tạm chấp nhận được.","NEUTRAL"
"deadline dồn vào một tuần khiến em đuối sức với bài thực hành.","NEGATIVE"
"Nhờ bạn nhóm hợp tác tốt, em thấy chill hơn hẳn với sự tương tác trong lớp hơn rồi.","POSITIVE"
"em đang thiếu ngủ ghê nên kỳ thi cuối kỳ làm em không tập trung được liên tục.","NEGATIVE"
"Em mệt mỏi ghê khi học cách chấm điểm – bài tập quá nhiều so với thời gian.","NEGATIVE"
"Dạo này bài kiểm tra giữa kỳ khiến em hứng thú hẳn lên, có lẽ nhờ em chủ động hỏi thêm.","POSITIVE"
"Em thấy bình thường – không có gì đáng lo nhưng cũng chưa thích lắm.","NEUTRAL"
"Em thấy hoang mang thật sự – kỳ thi cuối kỳ và áp lực từ nhiều môn cùng lúc cộng lại quá sức.","NEGATIVE"
"tiến độ học quá nhanh khiến em nản lắm rồi với bài kiểm tra giữa kỳ.","NEGATIVE"
"Cũng ổn thôi, các yêu cầu môn học vừa sức với em.","NEUTRAL"
"Thật ra em đang rất mệt, học kiểu này không vào đầu được.","NEGATIVE"
"bạn nhóm hợp tác tốt nên em thấy vui vì hiểu ra rồi khi học việc học nhóm.","POSITIVE"
"nhóm không làm việc được với nhau nên nội dung khó làm em mất động lực liên tục.","NEGATIVE"
"Nhìn chung bài giảng ổn, chưa cần can thiệp gì.","NEUTRAL"
"bài giảng được cải thiện nhiều nên em thấy tự tin hơn trước nhiều khi học bài thực hành.","POSITIVE"
"Em thấy ở mức trung bình với khối lượng kiến thức, không hơn không kém.","NEUTRAL"
"cách dạy làm em stress liên tục, em không biết mình còn theo được không.","NEGATIVE"
"Em không thích không ghét với các yêu cầu môn học, vẫn đang cố làm quen.","NEUTRAL"
"Nhờ em chủ động hỏi thêm, em thấy tự tin hơn trước nhiều với deadline bài tập hơn rồi.","POSITIVE"
"Em mất động lực khi học cách dạy – deadline dồn vào một tuần.","NEGATIVE"
"Nhờ tài liệu rõ ràng hơn, em thấy hài lòng ghê với bài kiểm tra giữa kỳ hơn rồi.","POSITIVE"
"Nhờ em chủ động hỏi thêm, em thấy hài lòng ghê với khối lượng kiến thức hơn rồi.","POSITIVE"
"Em thấy ổn định với tốc độ giảng bài, không hơn không kém.","NEUTRAL"
"Em thấy bị quá tải – nội dung khó và cách dạy hơi khó theo cộng lại quá sức.","NEGATIVE"
"không hiểu bài mà ngại hỏi khiến em bị quá tải với cách chấm điểm.","NEGATIVE"
"Em thấy rất áp lực vì khối lượng kiến thức tiến độ quá nhanh.","NEGATIVE"
"Em thấy khá tự tin khi học deadline bài tập, thầy/cô giải thích dễ hiểu lắm.","POSITIVE"
"cách tổ chức môn hợp lý nên em thấy vui vì hiểu ra rồi khi học cách chấm điểm.","POSITIVE"
"Em thấy chill hơn hẳn khi học cách chấm điểm, thầy/cô giải thích dễ hiểu lắm.","POSITIVE"
"Dạo này kỳ thi cuối kỳ khiến em nản lắm rồi, không có tài liệu rõ ràng.","NEGATIVE"
"Em thấy tạm chấp nhận được với khối lượng kiến thức, không hơn không kém.","NEUTRAL"
"Môn này không khó như em nghĩ ban đầu.","POSITIVE"
"Mặc dù đuối sức nhưng em vẫn làm được bài tập.","NEUTRAL"
"môi trường lớp tích cực nên em thấy yên tâm hơn nhiều khi học bài giảng.","POSITIVE"
"Nhìn lại thì khối lượng kiến thức không tệ chút nào, em cảm thấy yên tâm hơn nhiều.","POSITIVE"
"Em yên tâm hơn nhiều lắm – em chủ động hỏi thêm giúp em nhiều.","POSITIVE"
"deadline dồn vào một tuần nên yêu cầu môn học làm em không tập trung được liên tục.","NEGATIVE"
"Em thấy khá áp lực – không có gì đáng lo nhưng cũng chưa thích lắm.","NEUTRAL"
"Dạo này cách chấm điểm khiến em hài lòng ghê, có lẽ nhờ cách tổ chức môn hợp lý.","POSITIVE"
"Em học deadline bài tập được nhưng chưa thấy gì đặc biệt.","NEUTRAL"
"Nhìn chung cách dạy ổn, chưa cần can thiệp gì.","NEUTRAL"
"bài kiểm tra giữa kỳ không quá khó nhưng cũng chưa gây hứng thú cho em.","NEUTRAL"
"hiểu bài nhưng thực tế em lại quá tải thật sự.","NEGATIVE"
"Hơi mất động lực nhưng em vẫn nắm được ý chính.","NEUTRAL"
"Em thấy hơi mệt với bài kiểm tra giữa kỳ, không hơn không kém.","NEUTRAL"
"Em thấy học được với cách dạy, không hơn không kém.","NEUTRAL"
"tiến độ nhanh nhưng em vẫn hiểu được nội dung tốt.","POSITIVE"
"Không theo kịp khối lượng kiến thức làm em khó theo kịp nhiều ngày nay.","NEGATIVE"
"Dù bài hơi khó nhưng em vẫn hiểu được nội dung được.","POSITIVE"
"Hơi đuối sức nhưng em vẫn hiểu được nội dung.","NEUTRAL"
"Em hài lòng ghê lắm – được hướng dẫn chi tiết hơn giúp em nhiều.","POSITIVE"
"Em ở mức trung bình với lịch học, vẫn đang cố làm quen.","NEUTRAL"
"Em thấy hơi rối – không có gì đáng lo nhưng cũng chưa thích lắm.","NEUTRAL"
"Em thấy đuối sức – deadline bài tập và cách dạy hơi khó theo cộng lại quá sức.","NEGATIVE"
"Dạo này khối lượng kiến thức khiến em bị quá tải, không hiểu bài mà ngại hỏi.","NEGATIVE"
"Em thấy mọi thứ đang đi đúng hướng, chưa có gì đáng lo.","NEUTRAL"
"tài liệu thiếu đang làm em đầu óc quay tít, không biết hỏi ai.","NEGATIVE"
"em chủ động hỏi thêm nên em thấy có động lực hơn hẳn khi học sự tương tác trong lớp.","POSITIVE"
"Dạo này tài liệu thiếu khiến em mất động lực, deadline dồn vào một tuần.","NEGATIVE"
"Gần đây yêu cầu môn học không còn là nỗi lo nữa, em thấy hài lòng ghê.","POSITIVE"
"Nhìn chung bài tập ổn, chưa cần can thiệp gì.","NEUTRAL"
"nhóm không làm việc được với nhau nên kỳ thi cuối kỳ làm em không thở được liên tục.","NEGATIVE"
"Tuy đuối sức nhưng em vẫn hiểu được nội dung.","NEUTRAL"
"Em thấy muốn bỏ cuộc – bài tập nhóm và bài nhiều mà thời gian không đủ cộng lại quá sức.","NEGATIVE"
"Dạo này tốc độ giảng bài khiến em rất thoải mái, có lẽ nhờ bài giảng được cải thiện nhiều.","POSITIVE"
"Em thấy không quá khó với tốc độ giảng bài, không hơn không kém.","NEUTRAL"
"Em thấy tự tin hơn trước nhiều khi học hoạt động nhóm, thầy/cô giải thích dễ hiểu lắm.","POSITIVE"
"Dù bài hơi khó nhưng em vẫn nắm được ý chính được.","POSITIVE"
"bài tập quá nhiều so với thời gian khiến em stress liên tục với tiến độ học kỳ.","NEGATIVE"
"cách dạy hơi khó theo nên tốc độ giảng bài làm em không tập trung được liên tục.","NEGATIVE"
"các yêu cầu môn học không quá khó nhưng cũng chưa gây hứng thú cho em.","NEUTRAL"
"Mặc dù stress nặng nhưng em vẫn theo kịp bài.","NEUTRAL"
"Em thấy yên tâm hơn sau khi hỏi thầy.","POSITIVE"
"Học bài kiểm tra giữa kỳ ổn, nhưng em chưa có cảm hứng gì đặc biệt.","NEUTRAL"
"Em học được với tốc độ giảng bài, vẫn đang cố làm quen.","NEUTRAL"
"Em thấy khá ổn – không có gì đáng lo nhưng cũng chưa thích lắm.","NEUTRAL"
"bài giảng được cải thiện nhiều nên em thấy hiểu bài nhanh hơn khi học cách giải thích của thầy cô.","POSITIVE"
"Em học việc học nhóm được nhưng chưa thấy gì đặc biệt.","NEUTRAL"
"bài nhiều mà thời gian không đủ khiến em khó theo kịp với nội dung khó.","NEGATIVE"
"Tuy quá tải thật sự nhưng em vẫn hiểu được nội dung.","NEUTRAL"
"Dạo này lịch học dày khiến em đuối sức, nhóm không làm việc được với nhau.","NEGATIVE"
"Tạm chấp nhận được, bài tập không phải điểm em lo nhất.","NEUTRAL"
"tiến độ học quá nhanh nên lịch học dày làm em hoang mang thật sự liên tục.","NEGATIVE"
"Em thấy tiến bộ rõ lắm – tài liệu rõ ràng hơn giúp em nhiều.","POSITIVE"
"tài liệu rõ ràng hơn nên em thấy hiểu bài nhanh hơn khi học hoạt động nhóm.","POSITIVE"
"Thật ra em không muốn nói nhưng bài kiểm tra giữa kỳ đang làm em mệt mỏi ghê.","NEGATIVE"
"Nhìn chung khối lượng kiến thức ổn, chưa cần can thiệp gì.","NEUTRAL"
"Thầy dạy dễ hiểu lắm, em theo kịp hết.","POSITIVE"
"Em thấy kiệt sức – deadline bài tập và deadline dồn vào một tuần cộng lại quá sức.","NEGATIVE"
"Hơi kiệt sức nhưng em vẫn theo kịp bài.","NEUTRAL"
"Em đang ở mức trung bình với tốc độ giảng bài, ổn định.","NEUTRAL"
